,dummy,ed200609,ed200612,ed200703,ed200709,ed200712,ed200803,ed200806,ed200809,ed200812
2006-05-25 15:00:00,NA,94.645,94.64,94.695,94.74,94.725,94.715,94.685,94.66,94.62
2006-05-26 15:00:00,NA,94.655,94.66,94.715,94.755,94.745,94.735,94.71,94.685,94.645
2006-05-30 15:00:00,NA,94.635,94.63,94.675,94.71,94.7,94.695,94.67,94.645,94.605
2006-05-31 15:00:00,NA,94.575,94.565,94.61,94.645,94.64,94.635,94.61,94.59,94.55
2006-06-01 15:00:00,NA,94.575,94.565,94.61,94.655,94.65,94.645,94.62,94.6,94.56
2006-06-02 15:00:00,NA,94.69,94.695,94.755,94.81,94.8,94.79,94.765,94.74,94.7
2006-06-05 15:00:00,NA,94.61,94.615,94.68,94.755,94.75,94.74,94.715,94.695,94.655
2006-06-06 15:00:00,NA,94.585,94.59,94.655,94.74,94.74,94.735,94.715,94.695,94.66
2006-06-07 15:00:00,NA,94.57,94.57,94.625,94.705,94.705,94.7,94.68,94.66,94.625
2006-06-08 15:00:00,NA,94.575,94.585,94.645,94.74,94.74,94.735,94.715,94.695,94.66
2006-06-09 15:00:00,NA,94.57,94.575,94.635,94.73,94.735,94.735,94.715,94.7,94.665
2006-06-12 15:00:00,NA,94.565,94.57,94.625,94.71,94.715,94.715,94.695,94.68,94.65
2006-06-13 15:00:00,NA,94.56,94.575,94.645,94.745,94.75,94.75,94.73,94.715,94.685
2006-06-14 15:00:00,NA,94.47,94.47,94.53,94.635,94.645,94.65,94.63,94.615,94.58
2006-06-15 15:00:00,NA,94.425,94.43,94.485,94.585,94.595,94.6,94.58,94.565,94.53
2006-06-16 15:00:00,NA,94.415,94.41,94.46,94.555,94.565,94.565,94.545,94.525,94.49
2006-06-19 15:00:00,NA,94.405,94.395,94.435,94.52,94.53,94.535,94.515,94.495,94.465
2006-06-20 15:00:00,NA,94.4,94.385,94.42,94.5,94.51,94.515,94.5,94.48,94.45
2006-06-21 15:00:00,NA,94.395,94.38,94.415,94.495,94.51,94.515,94.5,94.48,94.45
2006-06-22 15:00:00,NA,94.36,94.33,94.36,94.45,94.465,94.475,94.46,94.435,94.405
2006-06-23 15:00:00,NA,94.335,94.305,94.335,94.425,94.44,94.45,94.435,94.41,94.375
2006-06-26 15:00:00,NA,94.325,94.3,94.325,94.41,94.43,94.445,94.43,94.405,94.37
2006-06-27 15:00:00,NA,94.34,94.32,94.35,94.435,94.45,94.46,94.45,94.425,94.39
2006-06-28 15:00:00,NA,94.33,94.295,94.315,94.395,94.41,94.42,94.405,94.38,94.35
2006-06-29 15:00:00,NA,94.395,94.38,94.405,94.475,94.48,94.48,94.465,94.44,94.405
2006-06-30 15:00:00,NA,94.42,94.405,94.44,94.53,94.545,94.55,94.535,94.51,94.475
2006-07-03 15:00:00,NA,94.4,94.375,94.415,94.515,94.535,94.54,94.525,94.5,94.465
2006-07-05 15:00:00,NA,94.34,94.295,94.325,94.43,94.45,94.455,94.44,94.415,94.38
2006-07-06 15:00:00,NA,94.35,94.315,94.345,94.46,94.485,94.495,94.48,94.455,94.42
2006-07-07 15:00:00,NA,94.385,94.36,94.395,94.52,94.545,94.555,94.54,94.515,94.48
2006-07-10 15:00:00,NA,94.385,94.35,94.385,94.52,94.545,94.555,94.54,94.515,94.48
2006-07-11 15:00:00,NA,94.395,94.375,94.415,94.555,94.58,94.59,94.575,94.555,94.525
2006-07-12 15:00:00,NA,94.395,94.375,94.41,94.55,94.575,94.585,94.575,94.555,94.525
2006-07-13 15:00:00,NA,94.435,94.42,94.46,94.595,94.615,94.625,94.615,94.595,94.56
2006-07-14 15:00:00,NA,94.455,94.45,94.495,94.625,94.64,94.645,94.63,94.61,94.575
2006-07-17 15:00:00,NA,94.45,94.44,94.48,94.605,94.62,94.625,94.61,94.59,94.555
2006-07-18 15:00:00,NA,94.4,94.37,94.4,94.525,94.54,94.545,94.53,94.51,94.475
2006-07-19 15:00:00,NA,94.435,94.43,94.49,94.635,94.655,94.655,94.64,94.62,94.585
2006-07-20 15:00:00,NA,94.475,94.48,94.55,94.7,94.72,94.72,94.705,94.68,94.645
2006-07-21 15:00:00,NA,94.475,94.465,94.52,94.68,94.71,94.715,94.7,94.675,94.64
2006-07-24 15:00:00,NA,94.465,94.46,94.52,94.68,94.705,94.71,94.695,94.67,94.635
2006-07-25 15:00:00,NA,94.45,94.445,94.5,94.66,94.685,94.685,94.67,94.65,94.615
2006-07-26 15:00:00,NA,94.48,94.485,94.545,94.705,94.73,94.73,94.715,94.69,94.655
2006-07-27 15:00:00,NA,94.485,94.485,94.55,94.705,94.73,94.73,94.715,94.69,94.655
2006-07-28 15:00:00,NA,94.53,94.55,94.63,94.795,94.815,94.81,94.79,94.765,94.73
2006-07-31 15:00:00,NA,94.52,94.55,94.64,94.82,94.84,94.84,94.82,94.795,94.755
2006-08-01 15:00:00,NA,94.51,94.54,94.635,94.83,94.855,94.855,94.835,94.805,94.765
2006-08-02 15:00:00,NA,94.5,94.535,94.63,94.835,94.865,94.87,94.855,94.83,94.79
2006-08-03 15:00:00,NA,94.475,94.505,94.6,94.81,94.845,94.855,94.845,94.82,94.78
2006-08-04 15:00:00,NA,94.55,94.58,94.68,94.885,94.915,94.92,94.91,94.885,94.845
2006-08-07 15:00:00,NA,94.535,94.55,94.645,94.845,94.88,94.885,94.875,94.855,94.815
2006-08-08 15:00:00,NA,94.57,94.57,94.665,94.885,94.915,94.92,94.91,94.885,94.845
2006-08-09 15:00:00,NA,94.57,94.565,94.655,94.875,94.91,94.915,94.905,94.885,94.845
2006-08-10 15:00:00,NA,94.565,94.55,94.645,94.86,94.895,94.905,94.895,94.875,94.84
2006-08-11 15:00:00,NA,94.55,94.52,94.6,94.805,94.835,94.845,94.84,94.82,94.785
2006-08-14 15:00:00,NA,94.525,94.47,94.54,94.735,94.765,94.78,94.78,94.765,94.735
2006-08-15 15:00:00,NA,94.555,94.52,94.615,94.83,94.865,94.88,94.875,94.86,94.83
2006-08-16 15:00:00,NA,94.5825,94.565,94.68,94.915,94.955,94.97,94.965,94.95,94.915
2006-08-17 15:00:00,NA,94.5725,94.545,94.65,94.905,94.96,94.98,94.98,94.965,94.93
2006-08-18 15:00:00,NA,94.5775,94.56,94.67,94.935,94.995,95.02,95.02,95,94.965
2006-08-21 15:00:00,NA,94.58,94.56,94.665,94.945,95.015,95.04,95.035,95.015,94.98
2006-08-22 15:00:00,NA,94.5775,94.56,94.665,94.95,95.025,95.05,95.045,95.025,94.985
2006-08-23 15:00:00,NA,94.58,94.575,94.67,94.935,95.005,95.03,95.025,95.005,94.965
2006-08-24 15:00:00,NA,94.58,94.575,94.67,94.925,94.99,95.01,95,94.98,94.945
2006-08-25 15:00:00,NA,94.585,94.59,94.7,94.96,95.02,95.035,95.025,95.005,94.97
2006-08-28 15:00:00,NA,94.58,94.58,94.685,94.94,94.995,95.01,95.005,94.985,94.95
2006-08-29 15:00:00,NA,94.5825,94.59,94.695,94.955,95.015,95.035,95.03,95.01,94.975
2006-08-30 15:00:00,NA,94.5925,94.62,94.74,94.995,95.06,95.075,95.065,95.04,95
2006-08-31 15:00:00,NA,94.605,94.655,94.785,95.045,95.11,95.125,95.11,95.08,95.04
2006-09-01 15:00:00,NA,94.605,94.655,94.8,95.06,95.125,95.145,95.13,95.1,95.055
2006-09-05 15:00:00,NA,94.6025,94.64,94.775,95.025,95.085,95.105,95.095,95.065,95.025
2006-09-06 15:00:00,NA,94.6025,94.625,94.755,95,95.065,95.085,95.075,95.045,95.005
2006-09-07 15:00:00,NA,94.6025,94.625,94.75,94.995,95.06,95.085,95.075,95.045,95.01
2006-09-08 15:00:00,NA,94.605,94.63,94.76,95.015,95.08,95.11,95.1,95.075,95.04
2006-09-11 15:00:00,NA,94.6025,NA,94.72,94.96,95.03,95.065,95.065,95.04,95.005
2006-09-12 15:00:00,NA,94.6025,94.615,94.73,94.975,95.045,95.085,95.09,95.07,95.035
2006-09-13 15:00:00,NA,94.6025,94.625,94.745,94.995,95.07,95.11,95.11,95.09,95.05
2006-09-14 15:00:00,NA,94.6025,94.605,94.705,94.955,95.03,95.07,95.07,95.05,95.01
2006-09-15 15:00:00,NA,94.6075,94.6,94.67,94.89,94.97,95.015,95.025,95.01,94.975
2006-09-18 15:00:00,NA,94.61,94.59,94.655,94.87,94.955,95,95.01,94.995,94.96
2006-09-19 15:00:00,NA,NA,94.62,94.72,94.97,95.055,95.1,95.105,95.085,95.045
2006-09-20 15:00:00,NA,NA,94.62,94.71,94.975,95.07,95.115,95.115,95.095,95.055
2006-09-21 15:00:00,NA,NA,94.67,94.81,95.125,95.215,95.25,95.24,95.215,95.17
2006-09-22 15:00:00,NA,NA,94.685,94.845,95.165,95.25,95.28,95.275,95.255,95.215
2006-09-25 15:00:00,NA,NA,94.71,94.875,95.195,95.285,95.315,95.31,95.295,95.26
2006-09-26 15:00:00,NA,NA,94.685,94.845,95.15,95.235,95.265,95.26,95.245,95.21
2006-09-27 15:00:00,NA,NA,94.68,94.845,95.155,95.24,95.27,95.26,95.24,95.2
2006-09-28 15:00:00,NA,NA,94.67,94.83,95.14,95.23,95.255,95.245,95.22,95.18
2006-09-29 15:00:00,NA,NA,94.665,94.825,95.125,95.21,95.235,95.22,95.19,95.15
2006-10-02 15:00:00,NA,NA,94.675,94.86,95.18,95.255,95.27,95.25,95.22,95.18
2006-10-03 15:00:00,NA,NA,94.67,94.855,95.18,95.255,95.27,95.25,95.22,95.18
2006-10-04 15:00:00,NA,NA,94.68,94.905,95.275,95.35,95.36,95.335,95.3,95.255
2006-10-05 15:00:00,NA,NA,94.66,94.855,95.205,95.28,95.295,95.27,95.235,95.19
2006-10-06 15:00:00,NA,NA,94.64,94.79,95.085,95.15,95.165,95.145,95.115,95.075
2006-10-10 15:00:00,NA,NA,94.63,94.73,94.985,95.05,95.065,95.05,95.025,94.99
2006-10-11 15:00:00,NA,NA,94.62,94.69,94.93,95,95.01,94.99,94.97,94.94
2006-10-12 15:00:00,NA,NA,94.62,94.695,94.945,95.015,95.025,95.005,94.98,94.95
2006-10-13 15:00:00,NA,NA,94.615,94.68,94.92,94.99,95.005,94.985,94.96,94.925
2006-10-16 15:00:00,NA,NA,94.61,94.685,94.935,95.005,95.025,95.01,94.985,94.955
2006-10-17 15:00:00,NA,NA,94.61,94.69,94.955,95.03,95.05,95.035,95.01,94.98
2006-10-18 15:00:00,NA,NA,94.61,94.695,94.96,95.035,95.055,95.04,95.02,94.99
2006-10-19 15:00:00,NA,NA,94.605,94.675,94.94,95.015,95.03,95.015,94.995,94.97
2006-10-20 15:00:00,NA,NA,94.61,94.675,94.93,95.005,95.02,95.005,94.99,94.965
2006-10-23 15:00:00,NA,NA,94.59,94.64,94.88,94.955,94.97,94.955,94.94,94.915
2006-10-24 15:00:00,NA,NA,94.585,94.63,94.875,94.955,94.97,94.96,94.945,94.92
2006-10-25 15:00:00,NA,NA,94.6,94.655,94.92,95.005,95.03,95.025,95.01,94.985
2006-10-26 15:00:00,NA,NA,94.615,94.705,95,95.095,95.125,95.115,95.1,95.07
2006-10-27 15:00:00,NA,NA,94.625,94.74,95.065,95.175,95.205,95.185,95.165,95.135
2006-10-30 15:00:00,NA,NA,94.625,94.74,95.05,95.165,95.2,95.18,95.16,95.13
2006-10-31 15:00:00,NA,NA,94.635,94.78,95.125,95.245,95.285,95.265,95.24,95.21
2006-11-01 15:00:00,NA,NA,94.65,94.84,95.2,95.315,95.345,95.32,95.295,95.26
2006-11-02 15:00:00,NA,NA,94.64,94.815,95.165,95.27,95.3,95.275,95.25,95.215
2006-11-03 15:00:00,NA,NA,94.61,94.695,94.97,95.07,95.1,95.085,95.07,95.045
2006-11-06 15:00:00,NA,NA,94.61,94.69,94.97,95.075,95.11,95.1,95.085,95.06
2006-11-07 15:00:00,NA,NA,94.615,94.725,95.035,95.15,95.19,95.18,95.165,95.135
2006-11-08 15:00:00,NA,NA,94.615,94.735,95.07,95.185,95.225,95.215,95.2,95.17
2006-11-09 15:00:00,NA,NA,94.615,94.735,95.07,95.19,95.23,95.225,95.21,95.18
2006-11-10 15:00:00,NA,NA,94.62,94.75,95.1,95.225,95.27,95.265,95.25,95.225
2006-11-13 15:00:00,NA,NA,94.62,94.725,95.07,95.2,95.245,95.24,95.23,95.205
2006-11-14 15:00:00,NA,NA,94.6275,94.745,95.11,95.24,95.29,95.29,95.28,95.255
2006-11-15 15:00:00,NA,NA,94.615,94.695,95.03,95.155,95.21,95.215,95.21,95.19
2006-11-16 15:00:00,NA,NA,94.62,94.695,94.985,95.1,95.16,95.17,95.17,95.15
2006-11-17 15:00:00,NA,NA,94.6275,94.745,95.08,95.2,95.255,95.26,95.255,95.235
2006-11-20 15:00:00,NA,NA,94.6275,94.745,95.08,95.2,95.255,95.26,95.255,95.24
2006-11-21 15:00:00,NA,NA,94.63,94.75,95.075,95.195,95.255,95.265,95.265,95.255
2006-11-22 15:00:00,NA,NA,94.63,94.75,95.085,95.21,95.27,95.28,95.28,95.27
2006-11-24 15:00:00,NA,NA,94.635,94.76,95.105,95.23,95.295,95.31,95.305,95.29
2006-11-27 15:00:00,NA,NA,94.635,94.77,95.12,95.24,95.305,95.32,95.32,95.305
2006-11-28 15:00:00,NA,NA,94.6425,94.79,95.16,95.285,95.35,95.365,95.365,95.35
2006-11-29 15:00:00,NA,NA,94.64,94.785,95.15,95.275,95.345,95.365,95.365,95.345
2006-11-30 15:00:00,NA,NA,94.645,94.81,95.215,95.345,95.42,95.44,95.44,95.425
2006-12-01 15:00:00,NA,NA,94.66,94.885,95.365,95.475,95.535,95.55,95.545,95.515
2006-12-04 15:00:00,NA,NA,94.66,94.87,95.365,95.475,95.535,95.55,95.54,95.51
2006-12-05 15:00:00,NA,NA,94.6575,94.865,95.365,95.48,95.54,95.555,95.545,95.515
2006-12-06 15:00:00,NA,NA,94.6525,94.82,95.29,95.41,95.47,95.485,95.475,95.445
2006-12-07 15:00:00,NA,NA,94.6475,94.8,95.265,95.38,95.435,95.45,95.44,95.41
2006-12-08 15:00:00,NA,NA,94.635,94.73,95.14,95.26,95.32,95.345,95.345,95.325
2006-12-11 15:00:00,NA,NA,NA,94.715,95.14,95.28,95.35,95.375,95.38,95.365
2006-12-12 15:00:00,NA,NA,NA,NA,95.195,95.345,95.415,95.445,95.45,95.43
2006-12-13 15:00:00,NA,NA,94.6375,94.7,95.085,95.23,95.31,95.345,95.35,95.335
2006-12-14 15:00:00,NA,NA,94.635,94.68,95.05,95.2,95.275,95.305,95.315,95.305
2006-12-15 15:00:00,NA,NA,94.635,94.69,95.05,95.205,95.275,95.305,95.315,95.3
2006-12-18 15:00:00,NA,NA,94.635,94.695,95.05,95.2,95.27,95.295,95.305,95.295
2006-12-19 15:00:00,NA,NA,NA,94.695,95.055,95.2,95.265,95.29,95.295,95.28
2006-12-20 15:00:00,NA,NA,NA,94.695,95.045,95.19,95.26,95.285,95.29,95.275
2006-12-21 15:00:00,NA,NA,NA,94.71,95.1,95.25,95.325,95.35,95.355,95.34
2006-12-22 15:00:00,NA,NA,NA,94.7,95.035,95.18,95.245,95.265,95.27,95.255
2006-12-26 15:00:00,NA,NA,NA,94.7,95.04,95.185,95.255,95.275,95.28,95.265
2006-12-27 15:00:00,NA,NA,NA,94.685,94.97,95.11,95.175,95.2,95.21,95.2
2006-12-28 15:00:00,NA,NA,NA,94.68,94.935,95.07,95.135,95.16,95.17,95.16
2006-12-29 15:00:00,NA,NA,NA,94.68,94.915,95.05,95.11,95.135,95.15,95.145
2007-01-02 15:00:00,NA,NA,NA,94.685,94.95,95.08,95.135,95.16,95.17,95.16
2007-01-03 15:00:00,NA,NA,NA,94.69,94.995,95.12,95.18,95.205,95.215,95.205
2007-01-04 15:00:00,NA,NA,NA,94.695,95.055,95.185,95.25,95.28,95.29,95.275
2007-01-05 15:00:00,NA,NA,NA,94.675,95.005,95.135,95.2,95.235,95.25,95.24
2007-01-08 15:00:00,NA,NA,NA,94.665,94.955,95.09,95.17,95.21,95.235,95.23
2007-01-09 15:00:00,NA,NA,NA,94.665,94.935,95.07,95.155,95.195,95.22,95.215
2007-01-10 15:00:00,NA,NA,NA,94.665,94.91,95.04,95.12,95.155,95.175,95.17
2007-01-11 15:00:00,NA,NA,NA,94.645,94.85,94.975,95.055,95.09,95.11,95.105
2007-01-12 15:00:00,NA,NA,NA,94.645,94.825,94.94,95.015,95.045,95.065,95.065
2007-01-16 15:00:00,NA,NA,NA,94.645,94.83,94.95,95.025,95.055,95.075,95.075
2007-01-17 15:00:00,NA,NA,NA,94.645,94.775,94.885,94.96,94.995,95.02,95.025
2007-01-18 15:00:00,NA,NA,NA,94.645,94.81,94.92,94.995,95.03,95.055,95.06
2007-01-19 15:00:00,NA,NA,NA,94.64,94.775,94.89,94.965,95.005,95.03,95.04
2007-01-22 15:00:00,NA,NA,NA,94.64,94.78,94.895,94.98,95.025,95.055,95.065
2007-01-23 15:00:00,NA,NA,NA,94.635,94.75,94.865,94.95,95,95.03,95.035
2007-01-24 15:00:00,NA,NA,NA,94.635,94.755,94.865,94.945,94.995,95.025,95.03
2007-01-25 15:00:00,NA,NA,NA,94.635,94.72,94.805,94.875,94.915,94.94,94.945
2007-01-26 15:00:00,NA,NA,NA,94.635,94.72,94.795,94.85,94.885,94.91,94.915
2007-01-29 15:00:00,NA,NA,NA,94.63,94.7,94.76,94.81,94.845,94.87,94.875
2007-01-30 15:00:00,NA,NA,NA,94.63,94.72,94.79,94.84,94.875,94.9,94.905
2007-01-31 15:00:00,NA,NA,NA,94.63,94.745,94.835,94.89,94.925,94.95,94.955
2007-02-01 15:00:00,NA,NA,NA,94.63,94.725,94.82,94.88,94.915,94.945,94.955
2007-02-02 15:00:00,NA,NA,NA,94.63,94.745,94.85,94.915,94.95,94.98,94.99
2007-02-05 15:00:00,NA,NA,NA,94.63,94.755,94.875,94.955,94.995,95.02,95.03
2007-02-06 15:00:00,NA,NA,NA,94.63,94.765,94.9,94.99,95.04,95.075,95.085
2007-02-07 15:00:00,NA,NA,NA,94.63,94.775,94.92,95.025,95.08,95.115,95.12
2007-02-08 15:00:00,NA,NA,NA,94.63,94.775,94.92,95.02,95.075,95.11,95.115
2007-02-09 15:00:00,NA,NA,NA,94.635,94.735,94.85,94.94,94.995,95.03,95.04
2007-02-12 15:00:00,NA,NA,NA,94.635,94.715,94.825,94.91,94.965,95,95.015
2007-02-13 15:00:00,NA,NA,NA,94.635,94.71,94.815,94.9,94.955,94.995,95.01
2007-02-14 15:00:00,NA,NA,NA,94.635,94.77,94.91,95.02,95.08,95.12,95.13
2007-02-15 15:00:00,NA,NA,NA,94.64,94.805,94.96,95.075,95.135,95.17,95.175
2007-02-16 15:00:00,NA,NA,NA,94.64,94.805,94.955,95.065,95.12,95.155,95.165
2007-02-20 15:00:00,NA,NA,NA,94.64,94.82,94.97,95.085,95.145,95.18,95.19
2007-02-21 15:00:00,NA,NA,NA,94.64,94.785,94.935,95.055,95.115,95.15,95.165
2007-02-22 15:00:00,NA,NA,NA,94.64,94.75,94.89,95.005,95.065,95.1,95.115
2007-02-23 15:00:00,NA,NA,NA,94.64,94.785,94.93,95.055,95.12,95.155,95.17
2007-02-26 15:00:00,NA,NA,NA,94.6425,94.83,94.985,95.115,95.18,95.215,95.225
2007-02-27 15:00:00,NA,NA,NA,94.675,95.03,95.195,95.315,95.365,95.385,95.385
2007-02-28 15:00:00,NA,NA,NA,94.6625,94.995,95.15,95.25,95.29,95.31,95.31
2007-03-01 15:00:00,NA,NA,NA,94.665,95,95.15,95.25,95.29,95.31,95.31
2007-03-02 15:00:00,NA,NA,NA,94.6725,95.065,95.205,95.3,95.335,95.35,95.345
2007-03-05 15:00:00,NA,NA,NA,94.6675,95.065,95.21,95.3,95.34,95.355,95.35
2007-03-06 15:00:00,NA,NA,NA,94.6625,95.065,95.2,95.28,95.315,95.335,95.33
2007-03-07 15:00:00,NA,NA,NA,94.6625,95.105,95.25,95.33,95.365,95.385,95.38
2007-03-08 15:00:00,NA,NA,NA,94.66,95.075,95.225,95.32,95.36,95.38,95.375
2007-03-09 15:00:00,NA,NA,NA,94.645,94.93,95.08,95.185,95.245,95.275,95.28
2007-03-12 15:00:00,NA,NA,NA,94.645,94.965,95.115,95.225,95.29,95.32,95.32
2007-03-13 15:00:00,NA,NA,NA,94.65,95.06,95.24,95.365,95.425,95.44,95.425
2007-03-14 15:00:00,NA,NA,NA,94.65,95.03,95.215,95.345,95.405,95.42,95.405
2007-03-15 15:00:00,NA,NA,NA,94.65,94.99,95.17,95.305,95.375,95.395,95.38
2007-03-16 15:00:00,NA,NA,NA,94.65,94.95,95.14,95.29,95.36,95.385,95.375
2007-03-19 15:00:00,NA,NA,NA,94.65,94.92,95.105,95.255,95.33,95.35,95.345
2007-03-20 15:00:00,NA,NA,NA,NA,94.935,95.13,95.285,95.36,95.385,95.38
2007-03-21 15:00:00,NA,NA,NA,NA,95.03,95.24,95.4,95.475,95.49,95.475
2007-03-22 15:00:00,NA,NA,NA,NA,94.955,95.155,95.315,95.395,95.415,95.4
2007-03-23 15:00:00,NA,NA,NA,NA,94.92,95.115,95.28,95.365,95.385,95.37
2007-03-26 15:00:00,NA,NA,NA,NA,94.945,95.15,95.315,95.395,95.41,95.4
2007-03-27 15:00:00,NA,NA,NA,NA,94.935,95.145,95.305,95.385,95.405,95.39
2007-03-28 15:00:00,NA,NA,NA,NA,94.955,95.17,95.325,95.395,95.41,95.395
2007-03-29 15:00:00,NA,NA,NA,NA,94.93,95.135,95.29,95.365,95.38,95.365
2007-03-30 15:00:00,NA,NA,NA,NA,94.925,95.125,95.275,95.345,95.365,95.35
2007-04-02 15:00:00,NA,NA,NA,NA,94.92,95.125,95.275,95.345,95.365,95.35
2007-04-03 15:00:00,NA,NA,NA,NA,94.885,95.08,95.23,95.3,95.32,95.31
2007-04-04 15:00:00,NA,NA,NA,NA,94.89,95.09,95.245,95.32,95.34,95.325
2007-04-05 15:00:00,NA,NA,NA,NA,94.87,95.07,95.23,95.305,95.325,95.31
2007-04-06 15:00:00,NA,NA,NA,NA,94.78,94.935,95.08,95.165,95.19,95.185
2007-04-09 15:00:00,NA,NA,NA,NA,94.76,94.925,95.08,95.17,95.2,95.195
2007-04-10 15:00:00,NA,NA,NA,NA,94.775,94.95,95.115,95.21,95.24,95.23
2007-04-11 15:00:00,NA,NA,NA,NA,94.765,94.935,95.095,95.19,95.22,95.215
2007-04-12 15:00:00,NA,NA,NA,NA,94.755,94.92,95.085,95.19,95.225,95.215
2007-04-13 15:00:00,NA,NA,NA,NA,94.735,94.885,95.045,95.145,95.18,95.175
2007-04-16 15:00:00,NA,NA,NA,NA,94.75,94.905,95.07,95.175,95.21,95.205
2007-04-17 15:00:00,NA,NA,NA,NA,94.785,94.97,95.155,95.265,95.305,95.295
2007-04-18 15:00:00,NA,NA,NA,NA,94.81,95.01,95.205,95.32,95.36,95.355
2007-04-19 15:00:00,NA,NA,NA,NA,94.805,95.005,95.205,95.32,95.355,95.345
2007-04-20 15:00:00,NA,NA,NA,NA,94.79,94.985,95.185,95.305,95.345,95.34
2007-04-23 15:00:00,NA,NA,NA,NA,94.805,95.005,95.205,95.33,95.375,95.375
2007-04-24 15:00:00,NA,NA,NA,NA,94.835,95.05,95.245,95.37,95.415,95.415
2007-04-25 15:00:00,NA,NA,NA,NA,94.805,95.005,95.2,95.325,95.375,95.38
2007-04-26 15:00:00,NA,NA,NA,NA,94.76,94.935,95.125,95.25,95.305,95.31
2007-04-27 15:00:00,NA,NA,NA,NA,94.76,94.93,95.11,95.235,95.29,95.295
2007-04-30 15:00:00,NA,NA,NA,NA,94.8,94.99,95.185,95.32,95.375,95.38
2007-05-01 15:00:00,NA,NA,NA,NA,94.77,94.945,95.14,95.275,95.33,95.335
2007-05-02 15:00:00,NA,NA,NA,NA,94.77,94.94,95.125,95.255,95.315,95.325
2007-05-03 15:00:00,NA,NA,NA,NA,94.74,94.895,95.065,95.195,95.25,95.26
2007-05-04 15:00:00,NA,NA,NA,NA,94.75,94.92,95.095,95.225,95.285,95.3
2007-05-07 15:00:00,NA,NA,NA,NA,94.75,94.91,95.08,95.205,95.265,95.285
2007-05-08 15:00:00,NA,NA,NA,NA,94.75,94.91,95.085,95.215,95.28,95.3
2007-05-09 15:00:00,NA,NA,NA,NA,94.725,94.865,95.025,95.15,95.22,95.245
2007-05-10 15:00:00,NA,NA,NA,NA,94.75,94.9,95.06,95.18,95.245,95.275
2007-05-11 15:00:00,NA,NA,NA,NA,94.745,94.885,95.04,95.155,95.22,95.25
2007-05-14 15:00:00,NA,NA,NA,NA,94.735,94.87,95.015,95.125,95.185,95.21
2007-05-15 15:00:00,NA,NA,NA,NA,94.735,94.855,94.995,95.1,95.16,95.18
2007-05-16 15:00:00,NA,NA,NA,NA,94.74,94.875,95.015,95.11,95.16,95.18
2007-05-17 15:00:00,NA,NA,NA,NA,94.725,94.83,94.955,95.045,95.09,95.11
2007-05-18 15:00:00,NA,NA,NA,NA,94.705,94.795,94.905,94.99,95.03,95.045
2007-05-21 15:00:00,NA,NA,NA,NA,94.705,94.81,94.93,95.015,95.055,95.065
2007-05-22 15:00:00,NA,NA,NA,NA,94.69,94.785,94.895,94.975,95.015,95.025
2007-05-23 15:00:00,NA,NA,NA,NA,94.685,94.77,94.875,94.955,94.995,95.005
2007-05-24 15:00:00,NA,NA,NA,NA,94.685,94.77,94.87,94.945,94.98,94.99
2007-05-25 15:00:00,NA,NA,NA,NA,94.69,94.775,94.87,94.935,94.965,94.975
2007-05-29 15:00:00,NA,NA,NA,NA,94.675,94.745,94.83,94.885,94.915,94.925
2007-05-30 15:00:00,NA,NA,NA,NA,94.68,94.745,94.83,94.885,94.915,94.92
2007-05-31 15:00:00,NA,NA,NA,NA,94.665,94.71,94.785,94.84,94.865,94.87
2007-06-01 15:00:00,NA,NA,NA,NA,94.65,94.665,94.71,94.755,94.775,94.775
2007-06-04 15:00:00,NA,NA,NA,NA,94.655,94.67,94.72,94.765,94.785,94.785
2007-06-05 15:00:00,NA,NA,NA,NA,94.65,94.66,94.695,94.73,94.745,94.74
2007-06-06 15:00:00,NA,NA,NA,NA,94.66,94.68,94.735,94.78,94.795,94.785
2007-06-07 15:00:00,NA,NA,NA,NA,94.645,94.65,94.685,94.705,94.695,94.67
2007-06-08 15:00:00,NA,NA,NA,NA,94.65,94.645,94.68,94.7,94.69,94.665
2007-06-11 15:00:00,NA,NA,NA,NA,94.645,94.645,94.68,94.705,94.695,94.67
2007-06-12 15:00:00,NA,NA,NA,NA,94.635,94.61,94.625,94.63,94.605,94.56
2007-06-13 15:00:00,NA,NA,NA,NA,94.63,94.6,94.615,94.62,94.6,94.56
2007-06-14 15:00:00,NA,NA,NA,NA,94.63,94.6,94.605,94.605,94.58,94.545
2007-06-15 15:00:00,NA,NA,NA,NA,94.635,94.62,94.64,94.655,94.64,94.615
2007-06-18 15:00:00,NA,NA,NA,NA,94.64,94.635,94.67,94.695,94.685,94.66
2007-06-19 15:00:00,NA,NA,NA,NA,94.65,94.675,94.725,94.76,94.76,94.74
2007-06-20 15:00:00,NA,NA,NA,NA,94.65,94.655,94.69,94.715,94.715,94.69
2007-06-21 15:00:00,NA,NA,NA,NA,94.655,94.665,94.695,94.71,94.695,94.665
2007-06-22 15:00:00,NA,NA,NA,NA,94.67,94.71,94.745,94.765,94.745,94.71
2007-06-25 15:00:00,NA,NA,NA,NA,94.68,94.74,94.8,94.83,94.815,94.775
2007-06-26 15:00:00,NA,NA,NA,NA,94.67,94.72,94.785,94.81,94.79,94.75
2007-06-27 15:00:00,NA,NA,NA,NA,94.675,94.73,94.795,94.825,94.81,94.775
2007-06-28 15:00:00,NA,NA,NA,NA,94.66,94.68,94.72,94.74,94.72,94.685
2007-06-29 15:00:00,NA,NA,NA,NA,94.67,94.715,94.79,94.825,94.815,94.78
2007-07-02 15:00:00,NA,NA,NA,NA,94.665,94.715,94.805,94.86,94.865,94.835
2007-07-03 15:00:00,NA,NA,NA,NA,94.665,94.695,94.765,94.815,94.815,94.785
2007-07-05 15:00:00,NA,NA,NA,NA,94.655,94.65,94.68,94.705,94.7,94.675
2007-07-06 15:00:00,NA,NA,NA,NA,94.65,94.64,94.66,94.675,94.67,94.64
2007-07-09 15:00:00,NA,NA,NA,NA,94.65,94.64,94.67,94.695,94.695,94.67
2007-07-10 15:00:00,NA,NA,NA,NA,94.66,94.695,94.765,94.815,94.825,94.805
2007-07-11 15:00:00,NA,NA,NA,NA,94.66,94.675,94.74,94.795,94.81,94.785
2007-07-12 15:00:00,NA,NA,NA,NA,94.66,94.665,94.71,94.745,94.75,94.73
2007-07-13 15:00:00,NA,NA,NA,NA,94.66,94.665,94.71,94.745,94.75,94.73
2007-07-16 15:00:00,NA,NA,NA,NA,94.66,94.69,94.765,94.815,94.83,94.81
2007-07-17 15:00:00,NA,NA,NA,NA,94.655,94.67,94.72,94.76,94.77,94.75
2007-07-18 15:00:00,NA,NA,NA,NA,94.66,94.7,94.78,94.84,94.86,94.84
2007-07-19 15:00:00,NA,NA,NA,NA,94.66,94.7,94.77,94.825,94.845,94.83
2007-07-20 15:00:00,NA,NA,NA,NA,94.665,94.735,94.83,94.895,94.915,94.895
2007-07-23 15:00:00,NA,NA,NA,NA,94.665,94.71,94.8,94.87,94.89,94.87
2007-07-24 15:00:00,NA,NA,NA,NA,94.665,94.72,94.825,94.905,94.925,94.905
2007-07-25 15:00:00,NA,NA,NA,NA,94.67,94.745,94.86,94.945,94.97,94.955
2007-07-26 15:00:00,NA,NA,NA,NA,94.745,94.875,95.02,95.115,95.145,95.13
2007-07-27 15:00:00,NA,NA,NA,NA,94.745,94.9,95.05,95.14,95.165,95.15
2007-07-30 15:00:00,NA,NA,NA,NA,94.725,94.9,95.05,95.13,95.15,95.13
2007-07-31 15:00:00,NA,NA,NA,NA,94.725,94.905,95.06,95.145,95.165,95.145
2007-08-01 15:00:00,NA,NA,NA,NA,94.745,94.935,95.085,95.155,95.17,95.145
2007-08-02 15:00:00,NA,NA,NA,NA,94.74,94.93,95.075,95.14,95.15,95.12
2007-08-03 15:00:00,NA,NA,NA,NA,94.78,95.015,95.18,95.245,95.25,95.22
2007-08-06 15:00:00,NA,NA,NA,NA,94.77,95.005,95.165,95.215,95.21,95.17
2007-08-07 15:00:00,NA,NA,NA,NA,94.705,94.94,95.125,95.195,95.195,95.16
2007-08-08 15:00:00,NA,NA,NA,NA,94.67,94.875,95.04,95.1,95.1,95.065
2007-08-09 15:00:00,NA,NA,NA,NA,94.76,95.04,95.225,95.27,95.235,95.175
2007-08-10 15:00:00,NA,NA,NA,NA,94.765,95.085,95.245,95.275,95.24,95.175
2007-08-13 15:00:00,NA,NA,NA,NA,94.735,95.04,95.235,95.275,95.24,95.17
2007-08-14 15:00:00,NA,NA,NA,NA,94.725,95.06,95.285,95.33,95.29,95.215
2007-08-15 15:00:00,NA,NA,NA,NA,94.7375,95.13,95.38,95.41,95.35,95.27
2007-08-16 15:00:00,NA,NA,NA,NA,94.805,95.26,95.595,95.615,95.51,95.395
2007-08-17 15:00:00,NA,NA,NA,NA,94.8875,95.285,95.525,95.535,95.43,95.32
2007-08-20 15:00:00,NA,NA,NA,NA,94.91,95.3,95.525,95.54,95.445,95.345
2007-08-21 15:00:00,NA,NA,NA,NA,94.88,95.35,95.57,95.565,95.47,95.385
2007-08-22 15:00:00,NA,NA,NA,NA,94.79,95.215,95.435,95.455,95.38,95.31
2007-08-23 15:00:00,NA,NA,NA,NA,94.71,95.135,95.36,95.395,95.335,95.27
2007-08-24 15:00:00,NA,NA,NA,NA,94.6675,95.03,95.26,95.31,95.275,95.225
2007-08-27 15:00:00,NA,NA,NA,NA,94.675,95.09,95.34,95.385,95.35,95.3
2007-08-28 15:00:00,NA,NA,NA,NA,94.68,95.185,95.44,95.485,95.455,95.415
2007-08-29 15:00:00,NA,NA,NA,NA,94.6025,95.12,95.38,95.46,95.445,95.405
2007-08-30 15:00:00,NA,NA,NA,NA,94.545,95.11,95.435,95.535,95.53,95.485
2007-08-31 15:00:00,NA,NA,NA,NA,94.4925,95.065,95.36,95.445,95.44,95.4
2007-09-04 15:00:00,NA,NA,NA,NA,94.3975,95.025,95.355,95.445,95.445,95.41
2007-09-05 15:00:00,NA,NA,NA,NA,94.4425,95.095,95.49,95.585,95.58,95.54
2007-09-06 15:00:00,NA,NA,NA,NA,94.405,95.06,95.44,95.54,95.545,95.505
2007-09-07 15:00:00,NA,NA,NA,NA,94.44,95.26,95.685,95.765,95.755,95.705
2007-09-10 15:00:00,NA,NA,NA,NA,NA,95.215,95.685,95.785,95.795,95.76
2007-09-11 15:00:00,NA,NA,NA,NA,NA,95.07,95.545,95.67,95.7,95.685
2007-09-12 15:00:00,NA,NA,NA,NA,94.3125,95.03,95.49,95.655,95.7,95.685
2007-09-13 15:00:00,NA,NA,NA,NA,94.3675,95.055,95.455,95.575,95.6,95.58
2007-09-14 15:00:00,NA,NA,NA,NA,94.405,95.11,95.48,95.6,95.64,95.62
2007-09-17 15:00:00,NA,NA,NA,NA,94.4025,95.09,95.435,95.565,95.61,95.595
2007-09-18 15:00:00,NA,NA,NA,NA,NA,95.285,95.605,95.715,95.74,95.7
2007-09-19 15:00:00,NA,NA,NA,NA,NA,95.345,95.63,95.7,95.715,95.68
2007-09-20 15:00:00,NA,NA,NA,NA,NA,95.265,95.515,95.565,95.57,95.525
2007-09-21 15:00:00,NA,NA,NA,NA,NA,95.26,95.525,95.61,95.63,95.585
2007-09-24 15:00:00,NA,NA,NA,NA,NA,95.15,95.49,95.595,95.63,95.595
2007-09-25 15:00:00,NA,NA,NA,NA,NA,95.13,95.495,95.61,95.65,95.625
2007-09-26 15:00:00,NA,NA,NA,NA,NA,95.17,95.515,95.635,95.685,95.66
2007-09-27 15:00:00,NA,NA,NA,NA,NA,95.195,95.545,95.685,95.745,95.73
2007-09-28 15:00:00,NA,NA,NA,NA,NA,95.155,95.48,95.625,95.69,95.685
2007-10-01 15:00:00,NA,NA,NA,NA,NA,95.105,95.415,95.575,95.645,95.635
2007-10-02 15:00:00,NA,NA,NA,NA,NA,95.075,95.42,95.6,95.685,95.685
2007-10-03 15:00:00,NA,NA,NA,NA,NA,95.045,95.38,95.555,95.64,95.64
2007-10-04 15:00:00,NA,NA,NA,NA,NA,95.045,95.375,95.555,95.64,95.645
2007-10-05 15:00:00,NA,NA,NA,NA,NA,94.98,95.265,95.43,95.515,95.525
2007-10-09 15:00:00,NA,NA,NA,NA,NA,94.95,95.21,95.375,95.46,95.47
2007-10-10 15:00:00,NA,NA,NA,NA,NA,94.95,95.205,95.375,95.46,95.47
2007-10-11 15:00:00,NA,NA,NA,NA,NA,95.035,95.295,95.445,95.505,95.495
2007-10-12 15:00:00,NA,NA,NA,NA,NA,95.035,95.235,95.365,95.425,95.415
2007-10-15 15:00:00,NA,NA,NA,NA,NA,95.045,95.25,95.39,95.455,95.445
2007-10-16 15:00:00,NA,NA,NA,NA,NA,95.075,95.315,95.46,95.53,95.52
2007-10-17 15:00:00,NA,NA,NA,NA,NA,95.125,95.425,95.585,95.655,95.65
2007-10-18 15:00:00,NA,NA,NA,NA,NA,95.19,95.48,95.64,95.715,95.71
2007-10-19 15:00:00,NA,NA,NA,NA,NA,95.295,95.595,95.755,95.835,95.83
2007-10-22 15:00:00,NA,NA,NA,NA,NA,95.285,95.585,95.74,95.825,95.825
2007-10-23 15:00:00,NA,NA,NA,NA,NA,95.285,95.585,95.74,95.835,95.845
2007-10-24 15:00:00,NA,NA,NA,NA,NA,95.365,95.69,95.845,95.935,95.945
2007-10-25 15:00:00,NA,NA,NA,NA,NA,95.355,95.695,95.845,95.93,95.94
2007-10-26 15:00:00,NA,NA,NA,NA,NA,95.355,95.675,95.805,95.885,95.895
2007-10-29 15:00:00,NA,NA,NA,NA,NA,95.315,95.635,95.77,95.845,95.85
2007-10-30 15:00:00,NA,NA,NA,NA,NA,95.3,95.615,95.75,95.83,95.84
2007-10-31 15:00:00,NA,NA,NA,NA,NA,95.25,95.505,95.62,95.69,95.7
2007-11-01 15:00:00,NA,NA,NA,NA,NA,95.255,95.575,95.74,95.825,95.83
2007-11-02 15:00:00,NA,NA,NA,NA,NA,95.23,95.675,95.865,95.96,95.965
2007-11-05 15:00:00,NA,NA,NA,NA,NA,95.15,95.605,95.795,95.895,95.91
2007-11-06 15:00:00,NA,NA,NA,NA,NA,95.14,95.585,95.775,95.875,95.895
2007-11-07 15:00:00,NA,NA,NA,NA,NA,95.18,95.615,95.825,95.93,95.95
2007-11-08 15:00:00,NA,NA,NA,NA,NA,95.25,95.72,95.965,96.075,96.08
2007-11-09 15:00:00,NA,NA,NA,NA,NA,95.265,95.765,96,96.105,96.1
2007-11-13 15:00:00,NA,NA,NA,NA,NA,95.225,95.705,95.93,96.035,96.04
2007-11-14 15:00:00,NA,NA,NA,NA,NA,95.19,95.68,95.92,96.025,96.025
2007-11-15 15:00:00,NA,NA,NA,NA,NA,95.115,95.765,96.075,96.21,96.225
2007-11-16 15:00:00,NA,NA,NA,NA,NA,95.12,95.74,96.075,96.225,96.245
2007-11-19 15:00:00,NA,NA,NA,NA,NA,95.11,95.705,96.075,96.27,96.32
2007-11-20 15:00:00,NA,NA,NA,NA,NA,95.14,95.7,96.07,96.27,96.325
2007-11-21 15:00:00,NA,NA,NA,NA,NA,95.205,95.825,96.19,96.375,96.415
2007-11-23 15:00:00,NA,NA,NA,NA,NA,95.1875,95.815,96.19,96.375,96.415
2007-11-26 15:00:00,NA,NA,NA,NA,NA,95.175,95.88,96.335,96.555,96.615
2007-11-27 15:00:00,NA,NA,NA,NA,NA,95.135,95.78,96.21,96.44,96.51
2007-11-28 15:00:00,NA,NA,NA,NA,NA,95.135,95.75,96.16,96.37,96.435
2007-11-29 15:00:00,NA,NA,NA,NA,NA,95.15,95.81,96.255,96.48,96.545
2007-11-30 15:00:00,NA,NA,NA,NA,NA,95.155,95.83,96.27,96.495,96.565
2007-12-03 15:00:00,NA,NA,NA,NA,NA,95.0825,95.8,96.275,96.535,96.64
2007-12-04 15:00:00,NA,NA,NA,NA,NA,95.0975,95.815,96.28,96.54,96.65
2007-12-05 15:00:00,NA,NA,NA,NA,NA,95.1,95.795,96.28,96.54,96.65
2007-12-06 15:00:00,NA,NA,NA,NA,NA,95.06,95.71,96.19,96.435,96.525
2007-12-07 15:00:00,NA,NA,NA,NA,NA,95.015,95.595,96.055,96.29,96.375
2007-12-10 15:00:00,NA,NA,NA,NA,NA,NA,95.58,96.02,96.25,96.33
2007-12-11 15:00:00,NA,NA,NA,NA,NA,94.9225,95.56,96.08,96.38,96.505
2007-12-12 15:00:00,NA,NA,NA,NA,NA,95.065,95.665,96.105,96.345,96.44
2007-12-13 15:00:00,NA,NA,NA,NA,NA,95.05,95.61,96.03,96.26,96.35
2007-12-14 15:00:00,NA,NA,NA,NA,NA,95.065,95.57,95.935,96.15,96.24
2007-12-17 15:00:00,NA,NA,NA,NA,NA,95.06,95.575,95.96,96.2,96.305
2007-12-18 15:00:00,NA,NA,NA,NA,NA,NA,95.655,96.07,96.31,96.41
2007-12-19 15:00:00,NA,NA,NA,NA,NA,NA,95.685,96.15,96.385,96.495
2007-12-20 15:00:00,NA,NA,NA,NA,NA,NA,95.705,96.2,96.46,96.575
2007-12-21 15:00:00,NA,NA,NA,NA,NA,NA,95.67,96.125,96.345,96.435
2007-12-24 15:00:00,NA,NA,NA,NA,NA,NA,95.655,96.11,96.325,96.405
2007-12-26 15:00:00,NA,NA,NA,NA,NA,NA,95.625,96.065,96.29,96.365
2007-12-27 15:00:00,NA,NA,NA,NA,NA,NA,95.655,96.1,96.33,96.425
2007-12-28 15:00:00,NA,NA,NA,NA,NA,NA,95.73,96.195,96.45,96.565
2007-12-31 15:00:00,NA,NA,NA,NA,NA,NA,95.765,96.255,96.51,96.63
2008-01-02 15:00:00,NA,NA,NA,NA,NA,NA,95.895,96.4,96.675,96.8
2008-01-03 15:00:00,NA,NA,NA,NA,NA,NA,95.91,96.425,96.69,96.815
2008-01-04 15:00:00,NA,NA,NA,NA,NA,NA,96.025,96.52,96.79,96.92
2008-01-07 15:00:00,NA,NA,NA,NA,NA,NA,96.055,96.515,96.765,96.885
2008-01-08 15:00:00,NA,NA,NA,NA,NA,NA,96.08,96.54,96.78,96.885
2008-01-09 15:00:00,NA,NA,NA,NA,NA,NA,96.165,96.625,96.85,96.94
2008-01-10 15:00:00,NA,NA,NA,NA,NA,NA,96.235,96.69,96.88,96.94
2008-01-11 15:00:00,NA,NA,NA,NA,NA,NA,96.425,96.86,97.045,97.1
2008-01-14 15:00:00,NA,NA,NA,NA,NA,NA,96.47,96.92,97.09,97.135
2008-01-15 15:00:00,NA,NA,NA,NA,NA,NA,96.43,96.92,97.11,97.175
2008-01-16 15:00:00,NA,NA,NA,NA,NA,NA,96.42,96.905,97.105,97.18
2008-01-17 15:00:00,NA,NA,NA,NA,NA,NA,96.45,96.995,97.21,97.28
2008-01-18 15:00:00,NA,NA,NA,NA,NA,NA,96.51,97.08,97.29,97.34
2008-01-22 15:00:00,NA,NA,NA,NA,NA,NA,96.965,97.515,97.63,97.62
2008-01-23 15:00:00,NA,NA,NA,NA,NA,NA,97.075,97.56,97.675,97.68
2008-01-24 15:00:00,NA,NA,NA,NA,NA,NA,96.88,97.315,97.395,97.375
2008-01-25 15:00:00,NA,NA,NA,NA,NA,NA,96.92,97.36,97.43,97.39
2008-01-28 15:00:00,NA,NA,NA,NA,NA,NA,96.995,97.43,97.485,97.415
2008-01-29 15:00:00,NA,NA,NA,NA,NA,NA,96.97,97.375,97.41,97.325
2008-01-30 15:00:00,NA,NA,NA,NA,NA,NA,97.045,97.445,97.47,97.35
2008-01-31 15:00:00,NA,NA,NA,NA,NA,NA,97.095,97.51,97.555,97.435
2008-02-01 15:00:00,NA,NA,NA,NA,NA,NA,97.02,97.435,97.525,97.48
2008-02-04 15:00:00,NA,NA,NA,NA,NA,NA,97.005,97.415,97.525,97.5
2008-02-05 15:00:00,NA,NA,NA,NA,NA,NA,97.08,97.555,97.67,97.625
2008-02-06 15:00:00,NA,NA,NA,NA,NA,NA,97.12,97.555,97.67,97.625
2008-02-07 15:00:00,NA,NA,NA,NA,NA,NA,97.12,97.55,97.645,97.595
2008-02-08 15:00:00,NA,NA,NA,NA,NA,NA,97.15,97.595,97.69,97.645
2008-02-11 15:00:00,NA,NA,NA,NA,NA,NA,97.16,97.58,97.675,97.635
2008-02-12 15:00:00,NA,NA,NA,NA,NA,NA,97.135,97.58,97.68,97.62
2008-02-13 15:00:00,NA,NA,NA,NA,NA,NA,97.12,97.58,97.7,97.655
2008-02-14 15:00:00,NA,NA,NA,NA,NA,NA,97.1,97.545,97.68,97.625
2008-02-15 15:00:00,NA,NA,NA,NA,NA,NA,97.11,97.54,97.675,97.615
2008-02-19 15:00:00,NA,NA,NA,NA,NA,NA,97.07,97.405,97.495,97.41
2008-02-20 15:00:00,NA,NA,NA,NA,NA,NA,97.0475,97.335,97.415,97.32
2008-02-21 15:00:00,NA,NA,NA,NA,NA,NA,97.0625,97.435,97.56,97.495
2008-02-22 15:00:00,NA,NA,NA,NA,NA,NA,97.025,97.35,97.48,97.435
2008-02-25 15:00:00,NA,NA,NA,NA,NA,NA,97.015,97.29,97.4,97.335
2008-02-26 15:00:00,NA,NA,NA,NA,NA,NA,97.02,97.375,97.515,97.455
2008-02-27 15:00:00,NA,NA,NA,NA,NA,NA,97.055,97.445,97.575,97.515
2008-02-28 15:00:00,NA,NA,NA,NA,NA,NA,97.09,97.48,97.625,97.595
2008-02-29 15:00:00,NA,NA,NA,NA,NA,NA,97.19,97.64,97.785,97.79
2008-03-03 15:00:00,NA,NA,NA,NA,NA,NA,97.1675,97.6,97.745,97.765
2008-03-04 15:00:00,NA,NA,NA,NA,NA,NA,97.1275,97.585,97.75,97.75
2008-03-05 15:00:00,NA,NA,NA,NA,NA,NA,97.1025,97.49,97.645,97.64
2008-03-06 15:00:00,NA,NA,NA,NA,NA,NA,97.13,97.545,97.665,97.635
2008-03-07 15:00:00,NA,NA,NA,NA,NA,NA,97.245,97.695,97.825,97.765
2008-03-10 15:00:00,NA,NA,NA,NA,NA,NA,97.26,97.735,97.87,97.815
2008-03-11 15:00:00,NA,NA,NA,NA,NA,NA,NA,97.56,97.675,97.635
2008-03-12 15:00:00,NA,NA,NA,NA,NA,NA,97.2225,97.63,97.775,97.755
2008-03-13 15:00:00,NA,NA,NA,NA,NA,NA,97.27,97.725,97.83,97.785
2008-03-14 15:00:00,NA,NA,NA,NA,NA,NA,97.3375,97.915,98.035,97.995
2008-03-17 15:00:00,NA,NA,NA,NA,NA,NA,97.4225,98.065,98.185,98.135
2008-03-18 15:00:00,NA,NA,NA,NA,NA,NA,NA,97.84,97.955,97.925
2008-03-19 15:00:00,NA,NA,NA,NA,NA,NA,NA,97.85,98.015,97.985
2008-03-20 15:00:00,NA,NA,NA,NA,NA,NA,NA,97.75,97.865,97.835
2008-03-24 15:00:00,NA,NA,NA,NA,NA,NA,NA,97.645,97.74,97.635
2008-03-25 15:00:00,NA,NA,NA,NA,NA,NA,NA,97.68,97.795,97.695
2008-03-26 15:00:00,NA,NA,NA,NA,NA,NA,NA,97.695,97.815,97.725
2008-03-27 15:00:00,NA,NA,NA,NA,NA,NA,NA,97.71,97.835,97.735
2008-03-28 15:00:00,NA,NA,NA,NA,NA,NA,NA,97.72,97.855,97.765
2008-03-31 15:00:00,NA,NA,NA,NA,NA,NA,NA,97.73,97.905,97.84
2008-04-01 15:00:00,NA,NA,NA,NA,NA,NA,NA,97.625,97.765,97.67
2008-04-02 15:00:00,NA,NA,NA,NA,NA,NA,NA,97.525,97.645,97.56
2008-04-03 15:00:00,NA,NA,NA,NA,NA,NA,NA,97.525,97.63,97.53
2008-04-04 15:00:00,NA,NA,NA,NA,NA,NA,NA,97.63,97.765,97.685
2008-04-07 15:00:00,NA,NA,NA,NA,NA,NA,NA,97.59,97.68,97.575
2008-04-08 15:00:00,NA,NA,NA,NA,NA,NA,NA,97.53,97.67,97.575
2008-04-09 15:00:00,NA,NA,NA,NA,NA,NA,NA,97.545,97.74,97.675
2008-04-10 15:00:00,NA,NA,NA,NA,NA,NA,NA,97.5,97.67,97.58
2008-04-11 15:00:00,NA,NA,NA,NA,NA,NA,NA,97.54,97.75,97.67
2008-04-14 15:00:00,NA,NA,NA,NA,NA,NA,NA,97.495,97.665,97.6
2008-04-15 15:00:00,NA,NA,NA,NA,NA,NA,NA,97.44,97.575,97.48
2008-04-16 15:00:00,NA,NA,NA,NA,NA,NA,NA,97.29,97.41,97.29
2008-04-17 15:00:00,NA,NA,NA,NA,NA,NA,NA,97.12,97.225,97.135
2008-04-18 15:00:00,NA,NA,NA,NA,NA,NA,NA,97.09,97.165,97.085
2008-04-21 15:00:00,NA,NA,NA,NA,NA,NA,NA,97.125,97.16,97.085
2008-04-22 15:00:00,NA,NA,NA,NA,NA,NA,NA,97.125,97.12,97.03
2008-04-23 15:00:00,NA,NA,NA,NA,NA,NA,NA,97.135,97.15,97.05
2008-04-24 15:00:00,NA,NA,NA,NA,NA,NA,NA,97.145,97.065,96.885
2008-04-25 15:00:00,NA,NA,NA,NA,NA,NA,NA,97.135,97.045,96.86
2008-04-28 15:00:00,NA,NA,NA,NA,NA,NA,NA,97.195,97.13,96.95
2008-04-29 15:00:00,NA,NA,NA,NA,NA,NA,NA,97.245,97.19,97.01
2008-04-30 15:00:00,NA,NA,NA,NA,NA,NA,NA,97.325,97.31,97.1
2008-05-01 15:00:00,NA,NA,NA,NA,NA,NA,NA,97.33,97.28,97.065
2008-05-02 15:00:00,NA,NA,NA,NA,NA,NA,NA,97.365,97.325,97.055
2008-05-05 15:00:00,NA,NA,NA,NA,NA,NA,NA,97.35,97.305,97.065
2008-05-06 15:00:00,NA,NA,NA,NA,NA,NA,NA,97.365,97.33,97.09
2008-05-07 15:00:00,NA,NA,NA,NA,NA,NA,NA,97.365,97.345,97.14
2008-05-08 15:00:00,NA,NA,NA,NA,NA,NA,NA,97.41,97.405,97.23
2008-05-09 15:00:00,NA,NA,NA,NA,NA,NA,NA,97.38,97.37,97.21
2008-05-12 15:00:00,NA,NA,NA,NA,NA,NA,NA,97.345,97.335,97.155
2008-05-13 15:00:00,NA,NA,NA,NA,NA,NA,NA,97.255,97.155,96.905
2008-05-14 15:00:00,NA,NA,NA,NA,NA,NA,NA,97.22,97.11,96.855
2008-05-15 15:00:00,NA,NA,NA,NA,NA,NA,NA,97.305,97.24,96.995
2008-05-16 15:00:00,NA,NA,NA,NA,NA,NA,NA,97.335,97.26,97.015
2008-05-19 15:00:00,NA,NA,NA,NA,NA,NA,NA,97.385,97.32,97.085
2008-05-20 15:00:00,NA,NA,NA,NA,NA,NA,NA,97.41,97.375,97.17
2008-05-21 15:00:00,NA,NA,NA,NA,NA,NA,NA,97.395,97.325,97.105
2008-05-22 15:00:00,NA,NA,NA,NA,NA,NA,NA,97.3475,97.215,96.97
2008-05-23 15:00:00,NA,NA,NA,NA,NA,NA,NA,97.3775,97.28,97.05
2008-05-27 15:00:00,NA,NA,NA,NA,NA,NA,NA,97.3325,97.21,96.97
2008-05-28 15:00:00,NA,NA,NA,NA,NA,NA,NA,97.29,97.165,96.895
2008-05-29 15:00:00,NA,NA,NA,NA,NA,NA,NA,97.285,97.145,96.865
2008-05-30 15:00:00,NA,NA,NA,NA,NA,NA,NA,97.2975,97.16,96.89
2008-06-02 15:00:00,NA,NA,NA,NA,NA,NA,NA,97.3175,97.21,96.995
2008-06-03 15:00:00,NA,NA,NA,NA,NA,NA,NA,97.3225,97.23,97.035
2008-06-04 15:00:00,NA,NA,NA,NA,NA,NA,NA,97.3025,97.205,97.02
2008-06-05 15:00:00,NA,NA,NA,NA,NA,NA,NA,97.2725,97.16,96.96
2008-06-06 15:00:00,NA,NA,NA,NA,NA,NA,NA,97.2675,97.17,96.985
2008-06-09 15:00:00,NA,NA,NA,NA,NA,NA,NA,97.215,96.885,96.605
2008-06-10 15:00:00,NA,NA,NA,NA,NA,NA,NA,97.1925,NA,96.435
2008-06-11 15:00:00,NA,NA,NA,NA,NA,NA,NA,97.2125,96.88,96.54
2008-06-12 15:00:00,NA,NA,NA,NA,NA,NA,NA,97.2025,96.735,96.385
2008-06-13 15:00:00,NA,NA,NA,NA,NA,NA,NA,97.1825,96.685,96.305
2008-06-16 15:00:00,NA,NA,NA,NA,NA,NA,NA,97.1875,96.655,96.295
2008-06-17 15:00:00,NA,NA,NA,NA,NA,NA,NA,NA,96.79,96.44
2008-06-18 15:00:00,NA,NA,NA,NA,NA,NA,NA,NA,96.86,96.515
2008-06-19 15:00:00,NA,NA,NA,NA,NA,NA,NA,NA,96.83,96.47
2008-06-20 15:00:00,NA,NA,NA,NA,NA,NA,NA,NA,96.885,96.55
2008-06-23 15:00:00,NA,NA,NA,NA,NA,NA,NA,NA,96.845,96.475
2008-06-24 15:00:00,NA,NA,NA,NA,NA,NA,NA,NA,96.895,96.575
2008-06-25 15:00:00,NA,NA,NA,NA,NA,NA,NA,NA,96.945,96.625
2008-06-26 15:00:00,NA,NA,NA,NA,NA,NA,NA,NA,97.015,96.775
2008-06-27 15:00:00,NA,NA,NA,NA,NA,NA,NA,NA,97.085,96.85
2008-06-30 15:00:00,NA,NA,NA,NA,NA,NA,NA,NA,97.07,96.82
2008-07-01 15:00:00,NA,NA,NA,NA,NA,NA,NA,NA,97.055,96.81
2008-07-02 15:00:00,NA,NA,NA,NA,NA,NA,NA,NA,97.07,96.845
2008-07-03 15:00:00,NA,NA,NA,NA,NA,NA,NA,NA,97.08,96.87
2008-07-07 15:00:00,NA,NA,NA,NA,NA,NA,NA,NA,97.09,96.95
2008-07-08 15:00:00,NA,NA,NA,NA,NA,NA,NA,NA,97.105,96.975
2008-07-09 15:00:00,NA,NA,NA,NA,NA,NA,NA,NA,97.11,96.99
2008-07-10 15:00:00,NA,NA,NA,NA,NA,NA,NA,NA,97.09,96.945
2008-07-11 15:00:00,NA,NA,NA,NA,NA,NA,NA,NA,97.07,96.87
2008-07-14 15:00:00,NA,NA,NA,NA,NA,NA,NA,NA,97.105,96.95
2008-07-15 15:00:00,NA,NA,NA,NA,NA,NA,NA,NA,97.15,97.035
2008-07-16 15:00:00,NA,NA,NA,NA,NA,NA,NA,NA,97.145,96.985
2008-07-17 15:00:00,NA,NA,NA,NA,NA,NA,NA,NA,97.115,96.865
2008-07-18 15:00:00,NA,NA,NA,NA,NA,NA,NA,NA,97.075,96.815
2008-07-21 15:00:00,NA,NA,NA,NA,NA,NA,NA,NA,97.075,96.82
2008-07-22 15:00:00,NA,NA,NA,NA,NA,NA,NA,NA,97.045,96.79
2008-07-23 15:00:00,NA,NA,NA,NA,NA,NA,NA,NA,97.03,96.73
2008-07-24 15:00:00,NA,NA,NA,NA,NA,NA,NA,NA,97.11,96.925
2008-07-25 15:00:00,NA,NA,NA,NA,NA,NA,NA,NA,97.085,96.855
2008-07-28 15:00:00,NA,NA,NA,NA,NA,NA,NA,NA,97.115,96.94
2008-07-29 15:00:00,NA,NA,NA,NA,NA,NA,NA,NA,97.105,96.905
2008-07-30 15:00:00,NA,NA,NA,NA,NA,NA,NA,NA,97.19,96.975
2008-07-31 15:00:00,NA,NA,NA,NA,NA,NA,NA,NA,97.19,97.005
2008-08-01 15:00:00,NA,NA,NA,NA,NA,NA,NA,NA,97.16,96.96
2008-08-04 15:00:00,NA,NA,NA,NA,NA,NA,NA,NA,97.15,96.915
2008-08-05 15:00:00,NA,NA,NA,NA,NA,NA,NA,NA,97.165,96.955
2008-08-06 15:00:00,NA,NA,NA,NA,NA,NA,NA,NA,97.165,96.95
2008-08-07 15:00:00,NA,NA,NA,NA,NA,NA,NA,NA,97.18,97.025
2008-08-08 15:00:00,NA,NA,NA,NA,NA,NA,NA,NA,97.175,96.985
2008-08-11 15:00:00,NA,NA,NA,NA,NA,NA,NA,NA,97.175,96.95
2008-08-12 15:00:00,NA,NA,NA,NA,NA,NA,NA,NA,97.17,97.025
2008-08-13 15:00:00,NA,NA,NA,NA,NA,NA,NA,NA,97.16,96.995
2008-08-14 15:00:00,NA,NA,NA,NA,NA,NA,NA,NA,97.155,96.98
2008-08-15 15:00:00,NA,NA,NA,NA,NA,NA,NA,NA,97.145,96.935
2008-08-18 15:00:00,NA,NA,NA,NA,NA,NA,NA,NA,97.135,96.94
2008-08-19 15:00:00,NA,NA,NA,NA,NA,NA,NA,NA,97.1475,96.99
2008-08-20 15:00:00,NA,NA,NA,NA,NA,NA,NA,NA,97.1725,97.045
2008-08-21 15:00:00,NA,NA,NA,NA,NA,NA,NA,NA,97.1725,97.015
2008-08-22 15:00:00,NA,NA,NA,NA,NA,NA,NA,NA,97.17,96.945
2008-08-25 15:00:00,NA,NA,NA,NA,NA,NA,NA,NA,97.175,97.005
2008-08-26 15:00:00,NA,NA,NA,NA,NA,NA,NA,NA,97.175,97
2008-08-27 15:00:00,NA,NA,NA,NA,NA,NA,NA,NA,97.1775,97.04
2008-08-28 15:00:00,NA,NA,NA,NA,NA,NA,NA,NA,97.1775,97.025
2008-08-29 15:00:00,NA,NA,NA,NA,NA,NA,NA,NA,97.1775,97.025
2008-09-02 15:00:00,NA,NA,NA,NA,NA,NA,NA,NA,97.185,97.07
2008-09-03 15:00:00,NA,NA,NA,NA,NA,NA,NA,NA,97.185,97.055
2008-09-04 15:00:00,NA,NA,NA,NA,NA,NA,NA,NA,97.1825,97.075
2008-09-05 15:00:00,NA,NA,NA,NA,NA,NA,NA,NA,97.1825,97.065
2008-09-08 15:00:00,NA,NA,NA,NA,NA,NA,NA,NA,97.2025,97.12
2008-09-10 15:00:00,NA,NA,NA,NA,NA,NA,NA,NA,97.1875,97.125
2008-09-11 15:00:00,NA,NA,NA,NA,NA,NA,NA,NA,97.19,97.11
2008-09-12 15:00:00,NA,NA,NA,NA,NA,NA,NA,NA,97.185,97.065
2008-09-15 15:00:00,NA,NA,NA,NA,NA,NA,NA,NA,97.1825,97.36
2008-09-16 15:00:00,NA,NA,NA,NA,NA,NA,NA,NA,NA,97.085
2008-09-17 15:00:00,NA,NA,NA,NA,NA,NA,NA,NA,NA,96.855
2008-09-18 15:00:00,NA,NA,NA,NA,NA,NA,NA,NA,NA,96.6
2008-09-19 15:00:00,NA,NA,NA,NA,NA,NA,NA,NA,NA,96.775
2008-09-22 15:00:00,NA,NA,NA,NA,NA,NA,NA,NA,NA,96.8
2008-09-23 15:00:00,NA,NA,NA,NA,NA,NA,NA,NA,NA,96.61
2008-09-24 15:00:00,NA,NA,NA,NA,NA,NA,NA,NA,NA,96.3
2008-09-25 15:00:00,NA,NA,NA,NA,NA,NA,NA,NA,NA,NA
2008-09-26 15:00:00,NA,NA,NA,NA,NA,NA,NA,NA,NA,NA
2008-09-29 15:00:00,NA,NA,NA,NA,NA,NA,NA,NA,NA,96.77
2008-09-30 15:00:00,NA,NA,NA,NA,NA,NA,NA,NA,NA,96.545
2008-10-01 15:00:00,NA,NA,NA,NA,NA,NA,NA,NA,NA,96.68
2008-10-02 15:00:00,NA,NA,NA,NA,NA,NA,NA,NA,NA,96.665
2008-10-03 15:00:00,NA,NA,NA,NA,NA,NA,NA,NA,NA,96.9
2008-10-06 15:00:00,NA,NA,NA,NA,NA,NA,NA,NA,NA,97.235
2008-10-07 15:00:00,NA,NA,NA,NA,NA,NA,NA,NA,NA,97.26
2008-10-08 15:00:00,NA,NA,NA,NA,NA,NA,NA,NA,NA,97.135
