Date,fncl_4.5_1n_partial_duration_5y:internal,fncl_5.0_1n_partial_duration_5y:internal,fncl_5.5_1n_partial_duration_5y:internal,fncl_6.0_1n_partial_duration_5y:internal,fncl_6.5_1n_partial_duration_5y:internal,fncl_7.0_1n_partial_duration_5y:internal,fncl_7.5_1n_partial_duration_5y:internal,fncl_8.0_1n_partial_duration_5y:internal,fncl_8.5_1n_partial_duration_5y:internal
"2007-01-02 15:00:00",1.44322,1.34256,1.10557,0.58545,0.25071,0.12935,0.45946,0.23455,0.29316
"2007-01-03 15:00:00",1.43991,1.31882,1.06546,0.52986,0.20301,0.11185,0.45536,0.23732,0.30656
"2007-01-04 15:00:00",1.42867,1.27483,1.00012,0.45209,0.1558,0.09358,0.44623,0.24619,0.32726
"2007-01-05 15:00:00",1.41519,1.27483,1.01003,0.46848,0.17024,0.09754,0.44909,0.24373,0.32466
"2007-01-08 15:00:00",1.4254,1.29586,1.03697,0.50444,0.1995,0.11429,0.4737,0.25631,0.33744
"2007-01-09 15:00:00",1.42475,1.34946,1.04755,0.46602,0.206,0.11434,0.47272,0.25709,0.33922
"2007-01-10 15:00:00",1.41192,1.35799,1.07669,0.51279,0.24197,0.12379,0.47806,0.25608,0.33068
"2007-01-11 15:00:00",1.40466,1.38056,1.12442,0.58308,0.29239,0.14871,0.49063,0.25829,0.32124
"2007-01-12 15:00:00",1.39209,1.38615,1.14609,0.60913,0.30748,0.15453,0.49277,0.25528,0.31384
"2007-01-16 15:00:00",1.39072,1.38374,1.13985,0.5936,0.29361,0.14721,0.48875,0.27466,0.44197
"2007-01-17 15:00:00",1.38512,1.40262,1.18238,0.65325,0.33566,0.16319,0.49306,0.27278,0.43931
"2007-01-18 15:00:00",1.38767,1.39156,1.1575,0.61593,0.31003,0.15384,0.49036,0.27571,0.44528
"2007-01-19 15:00:00",1.38536,1.39614,1.17215,0.6482,0.338,0.17076,0.49408,0.27883,0.4455
"2007-01-22 15:00:00",1.38805,1.3948,1.16296,0.63303,0.32933,0.16574,0.49519,0.28374,0.45261
"2007-01-23 15:00:00",1.23318,1.39545,1.32546,0.92116,0.6481,0.30743,0.75694,0.73366,0.92768
"2007-01-24 15:00:00",1.3703,1.40927,1.21935,0.71721,0.3958,0.20383,0.51542,0.29471,0.45055
"2007-01-25 15:00:00",1.34974,1.41035,1.25373,0.79334,0.46393,0.24607,0.53668,0.3063,0.45421
"2007-01-26 15:00:00",1.3409,1.40572,1.25862,0.80582,0.47166,0.24774,0.53865,0.29999,0.46339
"2007-01-29 15:00:00",1.32868,1.40205,1.2694,0.83307,0.49556,0.26125,0.54529,0.30263,0.46274
"2007-01-30 15:00:00",1.32751,1.396,1.25804,0.81613,0.48475,0.25344,0.5431,0.30455,0.46701
"2007-01-31 15:00:00",1.34081,1.39269,1.22705,0.75326,0.4199,0.21589,0.52632,0.30955,0.47751
"2007-02-01 15:00:00",1.34248,1.40228,1.24482,0.77744,0.42894,0.21109,0.52007,0.2933,0.46793
"2007-02-02 15:00:00",1.33967,1.38879,1.21807,0.73001,0.38612,0.18326,0.51053,0.29001,0.47102
"2007-02-05 15:00:00",1.34089,1.37625,1.18551,0.67178,0.34039,0.15348,0.5028,0.29281,0.47996
"2007-02-06 15:00:00",1.34928,1.36896,1.15625,0.62399,0.30813,0.13705,0.50119,0.29984,0.49073
"2007-02-07 15:00:00",1.36091,1.37475,1.15745,0.62528,0.31017,0.13049,0.51395,0.31113,0.50978
"2007-02-08 15:00:00",1.36043,1.37504,1.15751,0.62176,0.3007,0.11956,0.51598,0.31692,0.51599
"2007-02-09 15:00:00",1.34214,1.38128,1.19853,0.70013,0.36269,0.15811,0.52385,0.31812,0.50893
"2007-02-12 15:00:00",1.3323,1.38487,1.21859,0.7402,0.39879,0.1803,0.53096,0.32143,0.50775
"2007-02-13 15:00:00",1.33011,1.38677,1.22521,0.75139,0.41317,0.19059,0.53589,0.32752,0.51214
"2007-02-14 15:00:00",1.34516,1.3609,1.14744,0.62258,0.3136,0.12746,0.51632,0.33244,0.53017
"2007-02-15 15:00:00",1.34586,1.35506,1.13366,0.60214,0.30169,0.11694,0.51641,0.33943,0.53816
"2007-02-16 15:00:00",1.34598,1.35659,1.13568,0.60912,0.30833,0.12781,0.51918,0.34433,0.54089
"2007-02-20 15:00:00",1.34855,1.35353,1.12593,0.59899,0.30656,0.12814,0.52427,0.35308,0.54804
"2007-02-21 15:00:00",1.34333,1.35477,1.13244,0.60515,0.30754,0.1238,0.52192,0.35153,0.54844
"2007-02-22 15:00:00",1.33793,1.37089,1.17006,0.66116,0.34964,0.14955,0.53022,0.35623,0.5481
"2007-02-23 15:00:00",1.33812,1.34973,1.12912,0.61124,0.31897,0.12157,0.52763,0.36051,0.55569
"2007-02-26 15:00:00",1.34063,1.33948,1.10384,0.57736,0.2979,0.1136,0.52866,0.36785,0.56488
"2007-02-27 15:00:00",1.3495,1.31402,1.04262,0.505,0.2572,0.10837,0.54371,0.39438,0.58965
"2007-02-28 15:00:00",1.35102,1.32439,1.06382,0.53613,0.24401,0.09713,0.54012,0.40412,0.59206
"2007-03-01 15:00:00",1.34611,1.32577,1.0795,0.55614,0.27276,0.09956,0.53376,0.39587,0.58964
"2007-03-02 15:00:00",1.34381,1.31395,1.05866,0.53439,0.25993,0.09784,0.52709,0.40953,0.60048
"2007-03-05 15:00:00",1.33999,1.31648,1.06752,0.54688,0.27059,0.09698,0.53275,0.41518,0.6043
"2007-03-06 15:00:00",1.34357,1.32342,1.06818,0.53299,0.25227,0.08064,0.52602,0.41148,0.60465
"2007-03-07 15:00:00",1.34442,1.31017,1.0413,0.49674,0.22624,0.02103,0.50594,0.4174,0.61226
"2007-03-08 15:00:00",1.36014,1.32178,1.04826,0.49708,0.22815,0.04248,0.52737,0.4381,0.64406
"2007-03-09 15:00:00",1.35106,1.34735,1.10946,0.58259,0.29071,0.04682,0.53311,0.42698,0.63087
"2007-03-12 15:00:00",1.35044,1.33455,1.08165,0.54635,0.26166,0.02214,0.53247,0.43172,0.63789
"2007-03-13 15:00:00",1.34247,1.30042,1.02362,0.47877,0.21577,-0.00258,0.53636,0.44674,0.65276
"2007-03-14 15:00:00",1.34005,1.30793,1.04018,0.50321,0.23416,0.02144,0.54084,0.44887,0.65297
"2007-03-15 15:00:00",1.33974,1.31913,1.05958,0.52241,0.24616,0.02969,0.54018,0.44793,0.65323
"2007-03-16 15:00:00",1.3334,1.31979,1.0663,0.53214,0.24749,0.02492,0.53751,0.44558,0.65103
"2007-03-19 15:00:00",1.32696,1.31823,1.07218,0.54485,0.25919,0.02957,0.54084,0.44742,0.6526
"2007-03-20 15:00:00",1.32519,1.30743,1.04867,0.51252,0.23331,0.01654,0.53871,0.45287,0.65927
"2007-03-21 15:00:00",1.31841,1.28388,1.00844,0.45798,0.18869,-0.00262,0.54006,0.46372,0.67092
"2007-03-22 15:00:00",1.31015,1.3004,1.05614,0.53041,0.24051,0.01824,0.5459,0.46261,0.66578
"2007-03-23 15:00:00",1.30524,1.30833,1.07993,0.57059,0.27762,0.03848,0.55116,0.46334,0.66353
"2007-03-26 15:00:00",1.30049,1.29587,1.0622,0.55329,0.26776,0.02904,0.54205,0.45531,0.67053
"2007-03-27 15:00:00",1.29509,1.3014,1.08197,0.58458,0.28865,0.04633,0.54842,0.45932,0.67155
"2007-03-28 15:00:00",1.28661,1.29739,1.08593,0.59741,0.29817,0.05008,0.55173,0.46242,0.67261
"2007-03-29 15:00:00",1.28729,1.30984,1.10839,0.6268,0.32301,0.06485,0.55709,0.46663,0.67529
"2007-03-30 15:00:00",1.29302,1.30873,1.11494,0.64407,0.29755,0.05756,0.55438,0.48696,0.68094
"2007-04-02 15:00:00",1.28631,1.31513,1.1292,0.64929,0.32738,0.04677,0.55247,0.46413,0.67288
"2007-04-03 15:00:00",1.28553,1.3165,1.1384,0.66062,0.33832,0.05438,0.55596,0.46787,0.67507
"2007-04-04 15:00:00",1.28262,1.30897,1.13232,0.65544,0.33247,0.05263,0.55631,0.47211,0.67986
"2007-04-05 15:00:00",1.27743,1.31208,1.14404,0.67708,0.35304,0.06774,0.56136,0.47585,0.68154
"2007-04-06 15:00:00",1.26464,1.32742,1.19257,0.75935,0.42196,0.12178,0.57087,0.47532,0.6725
"2007-04-09 15:00:00",1.28093,1.34425,1.20967,0.77871,0.44358,0.14971,0.58919,0.49594,0.70031
"2007-04-10 15:00:00",1.28052,1.33891,1.19572,0.7547,0.42425,0.12627,0.58753,0.4998,0.70676
"2007-04-11 15:00:00",1.27856,1.34352,1.21067,0.77885,0.44676,0.14205,0.59332,0.50441,0.70866
"2007-04-12 15:00:00",1.27272,1.34493,1.21706,0.78869,0.45401,0.14857,0.595,0.50697,0.71103
"2007-04-13 15:00:00",1.26082,1.34029,1.22463,0.81154,0.47562,0.16807,0.59892,0.50925,0.70996
"2007-04-16 15:00:00",1.26873,1.34411,1.21904,0.79226,0.45984,0.15422,0.60081,0.51602,0.71889
"2007-04-17 15:00:00",1.2769,1.33342,1.18812,0.73762,0.41096,0.10681,0.59503,0.51985,0.72821
"2007-04-18 15:00:00",1.28439,1.32797,1.17092,0.70595,0.38249,0.08504,0.59617,0.52789,0.73788
"2007-04-19 15:00:00",1.27768,1.3272,1.17512,0.71501,0.39034,0.08973,0.60035,0.53251,0.74018
"2007-04-20 15:00:00",1.27421,1.32459,1.17385,0.72099,0.39152,0.09126,0.60342,0.53509,0.74102
"2007-04-23 15:00:00",1.27345,1.31954,1.16263,0.70328,0.37229,0.07633,0.60325,0.53929,0.7462
"2007-04-24 15:00:00",1.27399,1.31478,1.14584,0.67312,0.3442,0.05555,0.60082,0.54359,0.75319
"2007-04-25 15:00:00",1.27123,1.32247,1.16727,0.70757,0.37646,0.07267,0.6067,0.54787,0.75429
"2007-04-26 15:00:00",1.26165,1.32746,1.191,0.75382,0.41728,0.10189,0.61528,0.55137,0.75193
"2007-04-27 15:00:00",1.25183,1.32519,1.19983,0.77617,0.44047,0.12447,0.62248,0.55512,0.75247
"2007-04-30 15:00:00",1.27742,1.31656,1.16631,0.7155,0.3294,0.05767,0.60767,0.58047,0.77173
"2007-05-01 15:00:00",1.26265,1.33076,1.18635,0.73983,0.38844,0.06998,0.61209,0.55409,0.76303
"2007-05-02 15:00:00",1.26142,1.33166,1.18956,0.7449,0.40086,0.07621,0.6176,0.55782,0.76743
"2007-05-03 15:00:00",1.25773,1.33959,1.21035,0.7823,0.4379,0.11377,0.62728,0.563,0.76732
"2007-05-04 15:00:00",1.26255,1.33581,1.19201,0.74697,0.40043,0.07124,0.62088,0.56181,0.77238
"2007-05-07 15:00:00",1.2675,1.34076,1.19576,0.74817,0.40182,0.08333,0.62492,0.5679,0.7774
"2007-05-08 15:00:00",1.26582,1.33966,1.19361,0.74643,0.40001,0.08482,0.62753,0.572,0.78146
"2007-05-09 15:00:00",1.28025,1.36702,1.24427,0.81494,0.46187,0.12489,0.661,0.60158,0.81187
"2007-05-10 15:00:00",1.28268,1.36811,1.24083,0.80627,0.45358,0.12639,0.66376,0.60512,0.81636
"2007-05-11 15:00:00",1.27602,1.37117,1.25604,0.8351,0.47993,0.15308,0.67179,0.61093,0.81716
"2007-05-14 15:00:00",1.26459,1.36904,1.26708,0.86241,0.50545,0.17785,0.67828,0.61443,0.81772
"2007-05-15 15:00:00",1.25657,1.36811,1.27671,0.88787,0.532,0.20592,0.68565,0.62112,0.81991
"2007-05-16 15:00:00",1.25784,1.37271,1.28204,0.89303,0.53905,0.20952,0.68839,0.62526,0.82471
"2007-05-17 15:00:00",1.24192,1.37231,1.30007,0.93798,0.5831,0.25769,0.70074,0.63361,0.82537
"2007-05-18 15:00:00",1.22304,1.36438,1.3067,0.96956,0.61974,0.29844,0.71068,0.64358,0.82528
"2007-05-21 15:00:00",1.22463,1.3658,1.30728,0.9675,0.6174,0.28516,0.70311,0.64416,0.82858
"2007-05-22 15:00:00",1.21157,1.36591,1.32492,1.01101,0.66312,0.33225,0.71767,0.65378,0.82959
"2007-05-23 15:00:00",1.19814,1.35632,1.32432,1.02639,0.68601,0.35444,0.72816,0.66229,0.83189
"2007-05-24 15:00:00",1.19944,1.35936,1.32968,1.03824,0.69843,0.36782,0.73427,0.66938,0.8365
"2007-05-25 15:00:00",1.19628,1.35947,1.33314,1.04768,0.71052,0.37997,0.73809,0.67417,0.83799
"2007-05-29 15:00:00",1.19045,1.35998,1.34336,1.07009,0.73586,0.40733,0.74951,0.68556,0.8426
"2007-05-30 15:00:00",1.1917,1.36322,1.34661,1.07265,0.74063,0.41206,0.75331,0.69173,0.84758
"2007-05-31 15:00:00",1.18332,1.35407,1.35699,1.12342,0.73627,0.4417,0.80961,0.8305,0.9591
"2007-06-01 15:00:00",1.16029,1.37516,1.36247,1.1446,0.90174,0.48326,0.77687,0.70926,0.84672
"2007-06-04 15:00:00",1.16826,1.3851,1.37117,1.14503,0.90146,0.47829,0.77714,0.7121,0.85151
"2007-06-05 15:00:00",1.14963,1.37704,1.38156,1.19433,0.96656,0.54766,0.80476,0.73187,0.85585
"2007-06-06 15:00:00",1.14477,1.37266,1.37279,1.18693,0.96359,0.5489,0.80609,0.73742,0.86096
"2007-06-07 15:00:00",1.11392,1.3355,1.36159,1.24094,1.05844,0.68091,0.87064,0.80774,0.90492
"2007-06-08 15:00:00",1.10096,1.3205,1.34645,1.22267,1.04095,0.66049,0.86708,0.81171,0.90883
"2007-06-11 15:00:00",1.09498,1.30968,1.33535,1.23139,1.0581,0.68855,0.88018,0.82252,0.91223
"2007-06-12 15:00:00",1.06075,1.271,1.31576,1.24485,1.09672,0.74542,0.90547,0.85414,0.92739
"2007-06-13 15:00:00",1.07487,1.28778,1.32113,1.2287,1.07821,0.72185,0.89797,0.85162,0.93087
"2007-06-14 15:00:00",1.07879,1.29257,1.3241,1.2387,1.09276,0.73824,0.90679,0.86013,0.93463
"2007-06-15 15:00:00",1.08622,1.29814,1.32473,1.22865,1.07301,0.70658,0.89442,0.84833,0.93049
"2007-06-18 15:00:00",1.08805,1.301,1.32638,1.22178,1.06004,0.68652,0.88895,0.8433,0.9306
"2007-06-19 15:00:00",1.10317,1.31614,1.32844,1.19589,1.01942,0.63683,0.87195,0.83267,0.93522
"2007-06-20 15:00:00",1.08688,1.30472,1.33014,1.22484,1.06425,0.69706,0.89452,0.85628,0.94432
"2007-06-21 15:00:00",1.0669,1.28364,1.31655,1.22637,1.07678,0.71903,0.90581,0.87071,0.95117
"2007-06-22 15:00:00",1.06783,1.28176,1.30627,1.20502,1.05442,0.69664,0.89885,0.86825,0.95374
"2007-06-25 15:00:00",1.08473,1.29837,1.30712,1.17775,1.01648,0.65202,0.88483,0.86379,0.95953
"2007-06-26 15:00:00",1.07654,1.2927,1.30691,1.18995,1.03371,0.67606,0.89443,0.87473,0.9642
"2007-06-27 15:00:00",1.08222,1.29221,1.2975,1.16751,1.01134,0.6535,0.88441,0.87635,0.96987
"2007-06-28 15:00:00",1.0724,1.28568,1.30003,1.19369,1.0481,0.69996,0.90399,0.89142,0.97344
"2007-06-29 15:00:00",1.11298,1.30121,1.30362,1.17124,1.02754,0.63134,0.88389,0.90961,0.98948
"2007-07-02 15:00:00",1.09862,1.30132,1.30509,1.16191,1.01225,0.63564,0.87975,0.87539,0.97074
"2007-07-03 15:00:00",1.08423,1.29037,1.3032,1.17958,1.03933,0.67219,0.8919,0.88368,0.96969
"2007-07-05 15:00:00",1.05883,1.26887,1.29782,1.21085,1.08734,0.73332,0.9157,0.90235,0.97282
"2007-07-06 15:00:00",1.04364,1.25379,1.28743,1.22291,1.10938,0.76989,0.9299,0.913,0.97864
"2007-07-09 15:00:00",1.07127,1.277,1.30965,1.23864,1.12363,0.78093,0.94749,0.93271,1.00568
"2007-07-10 15:00:00",1.09874,1.29508,1.30814,1.19478,1.06551,0.70687,0.91998,0.91611,1.00568
"2007-07-11 15:00:00",1.08712,1.28398,1.29983,1.19998,1.07668,0.73024,0.92929,0.92441,1.00672
"2007-07-12 15:00:00",1.08216,1.28233,1.3072,1.21924,1.10101,0.76158,0.94053,0.93168,1.00776
"2007-07-13 15:00:00",1.08544,1.28538,1.30901,1.22061,1.10118,0.75958,0.9395,0.92856,1.00464
"2007-07-16 15:00:00",1.0977,1.29433,1.31189,1.21169,1.08617,0.73839,0.93225,0.92234,1.0036
"2007-07-17 15:00:00",1.08453,1.28516,1.31061,1.2282,1.11024,0.77092,0.94556,0.93064,1.0036
"2007-07-18 15:00:00",1.09773,1.29354,1.309,1.20465,1.07676,0.72842,0.92915,0.91922,1.00256
"2007-07-19 15:00:00",1.09231,1.29055,1.31008,1.21427,1.09028,0.74574,0.93639,0.92441,1.00256
"2007-07-20 15:00:00",1.1114,1.30596,1.31317,1.19304,1.05943,0.70617,0.92191,0.91508,1.00256
"2007-07-23 15:00:00",1.11135,1.30663,1.31691,1.20494,1.07298,0.72545,0.92915,0.91922,1.00256
"2007-07-24 15:00:00",1.11551,1.30806,1.31574,1.19704,1.066,0.72043,0.92915,0.9213,1.00568
"2007-07-25 15:00:00",1.12721,1.31753,1.31916,1.19149,1.0602,0.71546,0.93122,0.92441,1.0088
"2007-07-26 15:00:00",1.15037,1.33043,1.29757,1.12832,0.99228,0.6462,0.91687,0.92338,1.02024
"2007-07-27 15:00:00",1.15083,1.33886,1.30735,1.13409,0.99827,0.65637,0.92191,0.92856,1.02544
"2007-07-30 15:00:00",1.13992,1.33001,1.30417,1.14669,1.01559,0.67964,0.92797,0.93168,1.02336
"2007-07-31 15:00:00",1.1648,1.33042,1.30145,1.13904,1.01303,0.63265,0.91246,0.9462,1.03168
"2007-08-01 15:00:00",1.14714,1.33181,1.30314,1.15715,1.01304,0.64126,0.9157,0.91819,1.01712
"2007-08-02 15:00:00",1.15184,1.33298,1.3059,1.15365,1.00261,0.62407,0.90846,0.90989,1.01296
"2007-08-03 15:00:00",1.16076,1.3328,1.2894,1.10869,0.9488,0.56598,0.88906,0.89951,1.01296
"2007-08-06 15:00:00",1.15369,1.32798,1.28774,1.11089,0.95256,0.57104,0.89177,0.90055,1.01192
"2007-08-07 15:00:00",1.15834,1.3318,1.29634,1.11639,0.94988,0.56967,0.88763,0.89329,1.00776
"2007-08-08 15:00:00",1.13398,1.3175,1.29527,1.14273,0.98415,0.60285,0.9004,0.89951,1.0036
"2007-08-09 15:00:00",1.16121,1.33729,1.30181,1.12674,0.96205,0.60278,0.9159,0.93064,1.04624
"2007-08-10 15:00:00",1.16133,1.33783,1.30097,1.12792,0.96926,0.61183,0.91769,0.93375,1.04624
"2007-08-13 15:00:00",1.15445,1.33622,1.307,1.14408,0.98797,0.63207,0.92258,0.93271,1.04312
"2007-08-14 15:00:00",1.15495,1.33761,1.30141,1.13506,0.98089,0.62694,0.92051,0.93271,1.04312
"2007-08-15 15:00:00",1.15265,1.33147,1.29587,1.13652,0.98978,0.6502,0.92671,0.93998,1.04312
"2007-08-16 15:00:00",1.18259,1.34576,1.28726,1.09196,0.93931,0.60054,0.91845,0.93894,1.05248
"2007-08-17 15:00:00",1.16626,1.32559,1.26488,1.07443,0.92178,0.58215,0.90763,0.93375,1.04832
"2007-08-20 15:00:00",1.17336,1.33396,1.26671,1.06092,0.89754,0.54782,0.89734,0.9278,1.04936
"2007-08-21 15:00:00",1.18779,1.32952,1.24767,1.01649,0.84407,0.4877,0.88172,0.92054,1.05144
"2007-08-22 15:00:00",1.19375,1.33934,1.26214,1.02874,0.85467,0.49167,0.88095,0.91639,1.04728
"2007-08-23 15:00:00",1.1919,1.3356,1.25936,1.02308,0.84641,0.48021,0.8746,0.90809,1.04208
"2007-08-24 15:00:00",1.21083,1.348,1.26912,1.01744,0.83256,0.45772,0.86475,0.89667,1.03792
"2007-08-27 15:00:00",1.21596,1.35071,1.26394,1.00094,0.81286,0.43426,0.85594,0.89252,1.03792
"2007-08-28 15:00:00",1.21306,1.33598,1.22755,0.95286,0.76557,0.39425,0.84374,0.89044,1.03896
"2007-08-29 15:00:00",1.20434,1.33588,1.24378,0.98631,0.80536,0.43214,0.85386,0.89356,1.03688
"2007-08-30 15:00:00",1.20699,1.33848,1.23225,0.96368,0.7858,0.41041,0.84556,0.88837,1.0348
"2007-08-31 15:00:00",1.21432,1.33073,1.23506,0.97078,0.81708,0.41517,0.84751,0.91639,1.04104
"2007-09-04 15:00:00",1.19075,1.335,1.26205,1.00703,0.84429,0.45926,0.85282,0.88422,1.02544
"2007-09-05 15:00:00",1.21624,1.33648,1.22402,0.92638,0.75222,0.37458,0.82722,0.86372,1.02306
"2007-09-06 15:00:00",1.21707,1.34218,1.23304,0.93418,0.76013,0.37761,0.82703,0.85956,1.01992
"2007-09-07 15:00:00",1.24446,1.30362,1.1181,0.76807,0.58815,0.22172,0.79215,0.85331,1.02619
"2007-09-10 15:00:00",1.26923,1.29906,1.09511,0.73325,0.5476,0.19075,0.80673,0.88141,1.05754
"2007-09-11 15:00:00",1.26459,1.30792,1.1245,0.78588,0.59981,0.23605,0.81977,0.88349,1.0565
"2007-09-12 15:00:00",1.25477,1.30859,1.15037,0.83645,0.65709,0.30277,0.8389,0.89182,1.05858
"2007-09-13 15:00:00",1.24147,1.31485,1.18316,0.88735,0.71338,0.34386,0.84605,0.8939,1.05545
"2007-09-14 15:00:00",1.23566,1.30763,1.17081,0.87092,0.69538,0.32543,0.83695,0.88973,1.05127
"2007-09-17 15:00:00",1.23732,1.31423,1.1827,0.88296,0.70358,0.32455,0.83616,0.88765,1.05022
"2007-09-18 15:00:00",1.23322,1.29293,1.14586,0.82879,0.64431,0.26321,0.8205,0.88765,1.05336
"2007-09-19 15:00:00",1.22116,1.29841,1.16201,0.85289,0.67096,0.27266,0.81855,0.88453,1.04918
"2007-09-20 15:00:00",1.17198,1.29434,1.20162,0.94696,0.78862,0.40103,0.85254,0.9043,1.04814
"2007-09-21 15:00:00",1.17998,1.29307,1.19228,0.93331,0.77444,0.39267,0.8515,0.90326,1.04814
"2007-09-24 15:00:00",1.1811,1.29889,1.20073,0.94359,0.78629,0.40194,0.85566,0.90534,1.04814
"2007-09-25 15:00:00",1.17419,1.27741,1.17264,0.91378,0.7581,0.3785,0.84994,0.90534,1.04814
"2007-09-26 15:00:00",1.16906,1.27688,1.17394,0.92043,0.76708,0.38775,0.85098,0.90742,1.04814
"2007-09-27 15:00:00",1.18854,1.27522,1.15591,0.88133,0.72026,0.33863,0.84199,0.90326,1.04918
"2007-09-28 15:00:00",1.20099,1.27844,1.16583,0.89526,0.71858,0.33133,0.84237,0.93088,1.05858
"2007-10-01 15:00:00",1.20095,1.27937,1.16321,0.90003,0.71103,0.36235,0.84041,0.88103,1.045
"2007-10-02 15:00:00",1.2065,1.28392,1.1645,0.88877,0.69022,0.33163,0.83142,0.87569,1.04291
"2007-10-03 15:00:00",1.20277,1.28583,1.16764,0.89105,0.68366,0.31943,0.82547,0.87204,1.03873
"2007-10-04 15:00:00",1.21516,1.29198,1.17062,0.88285,0.66402,0.29394,0.82462,0.87204,1.04082
"2007-10-05 15:00:00",1.19614,1.30395,1.22051,0.97792,0.78641,0.40856,0.86111,0.90896,1.06276
"2007-10-09 15:00:00",1.19409,1.30637,1.23028,0.991,0.79772,0.41688,0.86111,0.90688,1.05963
"2007-10-10 15:00:00",1.19184,1.30784,1.24073,1.00192,0.80873,0.42404,0.8585,0.90376,1.05545
"2007-10-11 15:00:00",1.18513,1.30364,1.23909,1.00078,0.80827,0.4221,0.85551,0.90182,1.0544
"2007-10-12 15:00:00",1.17943,1.30932,1.25822,1.02732,0.83168,0.43861,0.85655,0.89765,1.04709
"2007-10-15 15:00:00",1.16815,1.29865,1.24346,1.0134,0.81857,0.43036,0.84951,0.89557,1.045
"2007-10-16 15:00:00",1.16854,1.29433,1.2293,0.9937,0.80049,0.4141,0.8486,0.89765,1.04814
"2007-10-17 15:00:00",1.20097,1.297,1.20105,0.93241,0.73372,0.3536,0.83826,0.89521,1.05858
"2007-10-18 15:00:00",1.20986,1.29303,1.18462,0.9009,0.69773,0.31563,0.82936,0.89131,1.06068
"2007-10-19 15:00:00",1.23272,1.28671,1.14649,0.83824,0.63108,0.26201,0.81977,0.88717,1.0659
"2007-10-22 15:00:00",1.2371,1.29142,1.15161,0.84637,0.63824,0.26926,0.82291,0.88821,1.0659
"2007-10-23 15:00:00",1.24073,1.29656,1.15224,0.83398,0.61853,0.23957,0.8162,0.88457,1.0659
"2007-10-24 15:00:00",1.24475,1.26478,1.08511,0.73495,0.51581,0.16197,0.80517,0.88575,1.06694
"2007-10-25 15:00:00",1.2502,1.28152,1.11119,0.76605,0.54846,0.17965,0.80936,0.88783,1.06904
"2007-10-26 15:00:00",1.23855,1.28958,1.14039,0.81747,0.60634,0.22316,0.81447,0.88783,1.06486
"2007-10-29 15:00:00",1.24594,1.30007,1.14804,0.81595,0.60056,0.21389,0.81447,0.8847,1.06381
"2007-10-30 15:00:00",1.24188,1.30308,1.15676,0.82605,0.60983,0.2201,0.81133,0.88157,1.06068
"2007-10-31 15:00:00",1.23608,1.31829,1.2066,0.90258,0.66022,0.249,0.81608,0.91704,1.06381
"2007-11-01 15:00:00",1.23856,1.29603,1.16376,0.84068,0.58822,0.21291,0.81366,0.87127,1.06276
"2007-11-02 15:00:00",1.23844,1.27807,1.12599,0.79013,0.54042,0.17251,0.80379,0.87049,1.06381
"2007-11-05 15:00:00",1.22159,1.28661,1.16082,0.85429,0.61402,0.25011,0.81656,0.87153,1.05858
"2007-11-06 15:00:00",1.20717,1.29465,1.18996,0.90111,0.66774,0.30696,0.8298,0.87766,1.0565
"2007-11-07 15:00:00",1.20996,1.28966,1.176,0.88696,0.65455,0.31106,0.83951,0.8877,1.06276
"2007-11-08 15:00:00",1.2373,1.30613,1.18308,0.89674,0.66759,0.34052,0.86827,0.92421,1.10143
"2007-11-09 15:00:00",1.24624,1.29333,1.15749,0.85484,0.61499,0.29302,0.85139,0.91378,1.09516
"2007-11-13 15:00:00",1.25295,1.32255,1.20367,0.90857,0.67291,0.33125,0.85871,0.91378,1.09307
"2007-11-14 15:00:00",1.25545,1.32938,1.2135,0.90935,0.6683,0.32198,0.85348,0.90752,1.08889
"2007-11-15 15:00:00",1.27445,1.31595,1.16629,0.83967,0.59022,0.25799,0.84328,0.90752,1.09412
"2007-11-16 15:00:00",1.26931,1.32012,1.18044,0.86302,0.62342,0.28687,0.85035,0.9096,1.09307
"2007-11-19 15:00:00",1.27998,1.31112,1.15442,0.82762,0.58291,0.25898,0.84261,0.90779,1.09307
"2007-11-20 15:00:00",1.27393,1.32011,1.18054,0.87122,0.64038,0.31873,0.86513,0.91795,1.09516
"2007-11-21 15:00:00",1.27636,1.28828,1.12033,0.7945,0.56042,0.26201,0.84512,0.91482,1.09098
"2007-11-23 15:00:00",1.28891,1.27834,1.08381,0.73726,0.49021,0.2248,0.84014,0.91169,1.08994
"2007-11-26 15:00:00",1.29993,1.21621,0.96195,0.54895,0.28556,0.12131,0.83227,0.91899,1.09516
"2007-11-27 15:00:00",1.29873,1.23483,0.99521,0.61503,0.3649,0.18017,0.8493,0.92317,1.09725
"2007-11-28 15:00:00",1.28122,1.21018,0.96598,0.56814,0.31394,0.14194,0.83177,0.91378,1.08784
"2007-11-29 15:00:00",1.27975,1.17244,0.90701,0.46175,0.22389,0.09643,0.82703,0.91795,1.08784
"2007-11-30 15:00:00",1.25112,1.11417,0.85834,0.38112,0.11107,0.00623,0.80029,0.94848,1.09098
"2007-12-03 15:00:00",1.27939,1.07212,0.8213,0.32332,0.05246,-0.03633,0.78248,0.8911,1.07426
"2007-12-04 15:00:00",1.26206,1.05326,0.80125,0.28592,0.02984,-0.0384,0.78248,0.89214,1.07322
"2007-12-05 15:00:00",1.24455,1.04293,0.79009,0.27983,0.02778,-0.03735,0.78074,0.8877,1.06799
"2007-12-06 15:00:00",1.25346,1.10111,0.86571,0.40003,0.1346,0.03316,0.79154,0.88639,1.07112
"2007-12-07 15:00:00",1.2549,1.17686,0.99073,0.62149,0.3402,0.14594,0.82604,0.92178,1.10248
"2007-12-10 15:00:00",1.25458,1.19564,1.0197,0.66427,0.39619,0.16158,0.83152,0.92206,1.10248
"2007-12-11 15:00:00",1.21963,1.0827,0.87014,0.44294,0.18162,0.04148,0.81052,0.91844,1.10248
"2007-12-12 15:00:00",1.23437,1.1174,0.91753,0.50734,0.23794,0.07154,0.81366,0.91844,1.10352
"2007-12-13 15:00:00",1.22604,1.147,0.96654,0.60656,0.34327,0.13164,0.82912,0.92234,1.10456
"2007-12-14 15:00:00",1.21538,1.16835,1.00852,0.67894,0.42681,0.18442,0.83214,0.91921,1.0983
"2007-12-17 15:00:00",1.22221,1.16224,0.99638,0.65902,0.40739,0.17199,0.83109,0.91921,1.0983
"2007-12-18 15:00:00",1.22882,1.12489,0.93471,0.53958,0.27786,0.10472,0.82284,0.92025,1.09934
"2007-12-19 15:00:00",1.20682,1.0694,0.86841,0.44311,0.19191,0.06122,0.81761,0.92053,1.0983
"2007-12-20 15:00:00",1.20976,1.06343,0.85399,0.42002,0.17352,0.06228,0.82297,0.92782,1.10143
"2007-12-21 15:00:00",1.21112,1.1275,0.94526,0.58639,0.33922,0.14421,0.84014,0.92887,1.10248
"2007-12-24 15:00:00",1.21428,1.15146,0.98443,0.65105,0.41059,0.18566,0.84328,0.92782,1.0983
"2007-12-26 15:00:00",1.20196,1.16004,1.0104,0.70122,0.47356,0.23015,0.85165,0.93095,1.09934
"2007-12-27 15:00:00",1.20582,1.13783,0.97005,0.63711,0.40351,0.18055,0.8434,0.92782,1.09725
"2007-12-28 15:00:00",1.1998,1.07621,0.88099,0.48247,0.23615,0.09975,0.83189,0.92782,1.09412
"2007-12-31 15:00:00",1.17942,1.02937,0.83176,0.39099,0.09764,0.03015,0.82666,0.97265,1.10456
"2008-01-02 15:00:00",1.16777,0.95749,0.73262,0.24754,-0.04427,-0.04371,0.79169,0.90906,1.08262
"2008-01-03 15:00:00",1.14634,0.95151,0.72912,0.24359,-0.05047,-0.03956,0.79379,0.91532,1.08576
"2008-01-04 15:00:00",1.12805,0.88945,0.64943,0.15005,-0.13198,-0.0177,0.79903,0.91948,1.07948
"2008-01-07 15:00:00",1.11856,0.88138,0.64237,0.1145,-0.17447,-0.02605,0.80008,0.92157,1.08053
"2008-01-08 15:00:00",1.12767,0.89977,0.66324,0.14003,-0.17661,-0.04066,0.79588,0.91844,1.07844
"2008-01-09 15:00:00",1.12708,0.88618,0.64646,0.1114,-0.19619,-0.04693,0.82,0.95389,1.10874
"2008-01-10 15:00:00",1.12819,0.93418,0.71164,0.20939,-0.13947,-0.04384,0.80583,0.94868,1.10666
"2008-01-11 15:00:00",1.10976,0.86916,0.6123,0.06349,-0.26299,-0.10256,0.80048,0.94162,1.10038
"2008-01-14 15:00:00",1.09875,0.85767,0.60179,0.06351,-0.24753,-0.08164,0.81196,0.95266,1.11084
"2008-01-15 15:00:00",1.05689,0.79675,0.5158,-0.05332,-0.34606,-0.16117,0.793,0.94114,1.10352
"2008-01-16 15:00:00",1.08265,0.84807,0.59071,0.04098,-0.28387,-0.1487,0.78011,0.9303,1.1004
"2008-01-17 15:00:00",1.06089,0.79476,0.49873,-0.07592,-0.37964,-0.20142,0.76911,0.93345,1.1004
"2008-01-18 15:00:00",1.07365,0.80584,0.51264,-0.05334,-0.36001,-0.20577,0.76426,0.91785,1.09192
"2008-01-22 15:00:00",0.948,0.62219,0.27109,-0.26344,-0.48668,-0.26644,0.77996,0.92323,1.09192
"2008-01-23 15:00:00",0.83213,0.52738,0.21798,-0.24076,-0.43472,-0.24138,0.7997,0.9317,1.09509
"2008-01-24 15:00:00",1.03576,0.81606,0.5656,0.11051,-0.16066,-0.11886,0.78272,0.92426,1.09192
"2008-01-25 15:00:00",1.02505,0.74836,0.44176,-0.01435,-0.27073,-0.16096,0.80396,0.9306,1.0972
"2008-01-28 15:00:00",0.99593,0.71577,0.41184,-0.04719,-0.28838,-0.16304,0.80065,0.93166,1.09931
"2008-01-29 15:00:00",1.05482,0.78542,0.5052,0.03485,-0.22184,-0.1367,0.79723,0.9335,1.10353
"2008-01-30 15:00:00",1.07727,0.8386,0.60059,0.11476,-0.16795,-0.12311,0.78306,0.92848,1.10142
"2008-01-31 15:00:00",1.03532,0.78057,0.50656,0.04001,-0.31127,-0.15993,0.78838,0.97819,1.10986
"2008-02-01 15:00:00",1.05013,0.88124,0.50707,-0.00308,-0.32498,-0.30238,0.76758,0.92241,1.0856
"2008-02-04 15:00:00",1.08023,0.92285,0.56902,0.05844,-0.27506,-0.32283,0.76864,0.92135,1.08876
"2008-02-05 15:00:00",1.05834,0.87136,0.46893,-0.04723,-0.35525,-0.35263,0.77418,0.92374,1.08352
"2008-02-06 15:00:00",1.06609,0.90104,0.54519,0.04103,-0.26364,-0.31026,0.77737,0.92798,1.09093
"2008-02-07 15:00:00",1.07861,0.94677,0.63714,0.15236,-0.15947,-0.23583,0.79156,0.95154,1.11559
"2008-02-08 15:00:00",1.08291,0.93233,0.59172,0.08702,-0.21457,-0.25907,0.79321,0.94998,1.11307
"2008-02-11 15:00:00",1.07878,0.92979,0.58093,0.08089,-0.21771,-0.24523,0.79568,0.95224,1.11536
"2008-02-12 15:00:00",1.099,0.96175,0.64132,0.15343,-0.15232,-0.20728,0.7997,0.95407,1.1182
"2008-02-13 15:00:00",1.11179,0.98251,0.67731,0.20128,-0.11704,-0.18723,0.79711,0.95309,1.11715
"2008-02-14 15:00:00",1.15062,1.0398,0.80935,0.38133,0.0589,-0.08925,0.80266,0.95203,1.12138
"2008-02-15 15:00:00",1.16671,1.04974,0.81385,0.3874,0.0599,-0.09555,0.80561,0.94886,1.12032
"2008-02-19 15:00:00",1.12363,1.07153,0.8992,0.54999,0.26035,0.01257,0.82949,0.94251,1.11715
"2008-02-20 15:00:00",1.13491,1.08707,0.92284,0.57276,0.28991,0.04921,0.84065,0.94964,1.11999
"2008-02-21 15:00:00",1.16295,1.06991,0.83208,0.41406,0.11241,-0.03774,0.82762,0.95822,1.11576
"2008-02-22 15:00:00",1.12479,1.05537,0.86693,0.48761,0.19449,0.01675,0.82969,0.95498,1.10835
"2008-02-25 15:00:00",1.12586,1.08881,0.9323,0.60778,0.33333,0.10447,0.85675,0.96284,1.11705
"2008-02-26 15:00:00",1.16627,1.11253,0.92163,0.57324,0.29807,0.06072,0.85098,0.96447,1.11632
"2008-02-27 15:00:00",1.14842,1.08193,0.88404,0.51326,0.22866,0.02827,0.84171,0.96054,1.11453
"2008-02-28 15:00:00",1.13679,1.03777,0.77424,0.33491,0.04756,-0.08925,0.8108,0.94957,1.10281
"2008-02-29 15:00:00",1.12624,0.98681,0.64294,0.16861,-0.0943,-0.16622,0.81081,0.95253,1.1024
"2008-03-03 15:00:00",1.1374,0.99541,0.71021,0.2448,-0.05073,-0.23246,0.78094,0.90905,1.08634
"2008-03-04 15:00:00",1.17739,1.06426,0.8281,0.41514,0.13732,-0.1281,0.8108,0.92091,1.10232
"2008-03-05 15:00:00",1.12687,1.06718,0.88939,0.55355,0.29788,-0.00419,0.82998,0.92418,1.09907
"2008-03-06 15:00:00",1.15815,1.11523,0.94148,0.63217,0.37999,0.10342,0.86135,0.94304,1.10808
"2008-03-07 15:00:00",1.1866,1.08305,0.88833,0.52205,0.27401,0.04909,0.86263,0.97319,1.14075
"2008-03-10 15:00:00",1.22998,1.11514,0.90469,0.51955,0.27807,0.03972,0.87852,0.98362,1.1489
"2008-03-11 15:00:00",1.16783,1.10088,0.91977,0.56455,0.32,0.0585,0.86769,0.96859,1.13379
"2008-03-12 15:00:00",1.18323,1.0524,0.77352,0.3163,0.064,-0.12686,0.84887,0.9637,1.13374
"2008-03-13 15:00:00",1.16459,1.03638,0.78255,0.35034,0.10926,-0.08906,0.84942,0.96524,1.13202
"2008-03-14 15:00:00",1.33635,1.14322,0.804,0.29311,0.0578,-0.09849,0.90046,0.99836,1.16508
"2008-03-17 15:00:00",1.03258,0.79165,0.38833,-0.08112,-0.25742,-0.20184,0.88353,0.97788,1.1299
"2008-03-18 15:00:00",1.15714,0.90951,0.57086,0.11567,-0.07563,-0.13016,0.9068,1.00649,1.17036
"2008-03-19 15:00:00",1.16647,0.89634,0.4997,0.04412,-0.164,-0.13759,0.92835,1.01627,1.1707
"2008-03-20 15:00:00",1.04577,0.73182,0.39555,-0.0308,-0.2232,-0.18068,0.8883,0.98783,1.14223
"2008-03-24 15:00:00",1.20458,0.95098,0.61745,0.20725,-0.01861,-0.08174,0.87722,0.9814,1.14648
"2008-03-25 15:00:00",1.19753,0.89496,0.561,0.15635,-0.04446,-0.09852,0.873,0.97509,1.13384
"2008-03-26 15:00:00",1.21004,0.89228,0.54716,0.13906,-0.05794,-0.09854,0.88461,0.9835,1.14226
"2008-03-27 15:00:00",1.25112,0.99394,0.64551,0.22647,0.00413,-0.07753,0.86142,0.9682,1.12895
"2008-03-28 15:00:00",1.20678,0.91042,0.5475,0.10742,-0.07966,-0.13418,0.86062,0.9682,1.12263
"2008-03-31 15:00:00",1.2145,0.91348,0.54405,0.09628,-0.09114,-0.14586,0.86616,0.97346,1.12684
"2008-04-01 15:00:00",1.24701,0.98863,0.67398,0.23512,-0.01759,-0.1269,0.84375,0.94479,1.10578
"2008-04-02 15:00:00",1.26965,1.03162,0.73173,0.30519,0.04653,-0.12583,0.83823,0.93926,1.10052
"2008-04-03 15:00:00",1.28146,1.02638,0.71813,0.2801,0.00932,-0.12068,0.83612,0.94031,1.09736
"2008-04-04 15:00:00",1.2394,0.91687,0.5611,0.0914,-0.17443,-0.19772,0.85848,0.95797,1.10822
"2008-04-07 15:00:00",1.25435,0.95656,0.62293,0.16108,-0.11622,-0.1682,0.84965,0.95243,1.104
"2008-04-08 15:00:00",1.25981,0.99599,0.66846,0.20913,-0.07363,-0.16928,0.83699,0.94192,1.09663
"2008-04-09 15:00:00",1.25369,0.95031,0.59622,0.11274,-0.16998,-0.18792,0.86273,0.98035,1.13009
"2008-04-10 15:00:00",1.2672,0.99342,0.66053,0.19251,-0.08909,-0.1575,0.86325,0.97853,1.1343
"2008-04-11 15:00:00",1.28020078125,0.960603125,0.60031125,0.1148525,-0.15450601637,-0.20406375,0.86875125,NA,NA
"2008-04-14 15:00:00",1.284061875,1.01128000512,0.6757578125,0.2028571875,-0.0798153125,-0.1725075,0.8637221875,NA,NA
"2008-04-15 15:00:00",1.30990234375,1.067298125,0.75647086314,0.31072125152,0.01966796875,-0.12089375,0.864268125,NA,NA
"2008-04-16 15:00:00",1.321578125,1.139220625,0.860303125,0.4645690625,0.19707320408,-0.037783125,0.8832965625,NA,NA
"2008-04-17 15:00:00",1.32446,1.1248884375,0.84794171875,0.46029046875,0.1989709375,-0.03251609375,0.89675,NA,NA
"2008-04-18 15:00:00",1.3339921875,1.0745071875,0.788,0.36570320492,0.113575,-0.0966,0.8648128125,NA,NA
"2008-04-21 15:00:00",1.32318875,1.050895,0.758480625,0.32463328284,0.06306351593,-0.11556875,0.85028125,NA,NA
"2008-04-22 15:00:00",1.32094375,1.0353903125,0.7335359375,0.293278125,0.041375,-0.12190875,0.85345,NA,NA
"2008-04-23 15:00:00",1.34345390625,1.07114,0.779428125,0.34088875,0.08886890668,-0.110315625,0.8430765625,NA,NA
"2008-04-24 15:00:00",1.32623156952,1.08881320871,0.8192953166,0.43060078125,0.1877728125,-0.0272878125,0.86689375,NA,NA
"2008-04-25 15:00:00",1.32458625,1.0908625056,0.82290562912,0.42229492395,0.17641054773,-0.0461725,0.8446928125,NA,NA
"2008-04-28 15:00:00",1.33137375,1.07677453676,0.7997490625,0.3872734394,0.142528125,-0.06405,0.843885,NA,NA
"2008-04-29 15:00:00",1.31442610068,1.06347664606,0.78547,0.37629351747,0.1301934375,-0.075645,0.8451921875,NA,NA
"2008-04-30 15:00:00",1.30313546875,1.04063296875,0.74884140625,0.32193984375,0.0682996875,-0.119878125,0.84015125,NA,NA
"2008-05-01 15:00:00",1.2980553125,1.0289925,0.74762297246,0.31533906404,0.01865109384,-0.1610803125,0.830305,NA,NA
"2008-05-02 15:00:00",1.3021821875,1.081265625,0.82059,0.3947453125,0.09008578125,-0.16419,0.811241875,NA,NA
"2008-05-05 15:00:00",1.29762422556,1.0861265625,0.82604578536,0.40583945511,0.1066371875,-0.17584578125,0.811241875,NA,NA
"2008-05-06 15:00:00",1.2890475,1.083590625,0.82333125,0.40367148635,0.1118475,-0.183298125,0.8031246875,NA,NA
"2008-05-07 15:00:00",1.262558125,1.03621375,0.76966171875,0.33678804852,0.043561875,-0.20671875,0.79853296875,NA,NA
"2008-05-08 15:00:00",1.274925,1.01641550523,0.72544992548,0.27724570448,-0.01864828134,-0.1874284375,0.836976875,NA,NA
"2008-05-09 15:00:00",1.2848125,1.0286775,0.7418053125,0.30772546875,0.01657375008,-0.181110625,0.8507325,NA,NA
"2008-05-12 15:00:00",1.293275,1.0491851616,0.774774375,0.35437375,0.06624,-0.17574140625,0.852596875,NA,NA
"2008-05-13 15:00:00",1.31976,1.13973445899,0.897257817,0.52271390882,0.251891875,-0.05985890625,0.8724625,NA,NA
"2008-05-14 15:00:00",1.27767234375,1.0902684375,0.848340625,0.474880625,0.208501875,-0.0840125,0.8597875,NA,NA
"2008-05-15 15:00:00",1.2598886785,1.00652203638,0.728115238,0.304611875,0.03003539077,-0.2042759375,0.836976875,NA,NA
"2008-05-16 15:00:00",1.262015,1.020830625,0.7470225,0.3270750016,0.04454195334,-0.20009375,0.839093125,NA,NA
"2008-05-19 15:00:00",1.2461428125,1.00597664574,0.72243140984,0.290700625,0.00311039064,-0.2180615625,0.827698125,NA,NA
"2008-05-20 15:00:00",1.23290780928,0.97551715091,0.6756792952,0.22962625056,-0.051888672,-0.2424703125,0.8240721875,NA,NA
"2008-05-21 15:00:00",1.249546875,1.02245,0.7424971875,0.3173625,0.026966875,-0.198105,0.8364125,NA,NA
"2008-05-22 15:00:00",1.24107,1.07171758361,0.82709703538,0.43978836153,0.16243367266,-0.1200384375,0.84675,NA,NA
"2008-05-23 15:00:00",1.24457265625,1.03194625,0.763325,0.35682523612,0.07459312536,-0.174974375,0.8334821875,NA,NA
"2008-05-27 15:00:00",1.24542453125,1.08179484375,0.83506523855,0.457699375,0.18821359466,-0.0947671875,0.846625,NA,NA
"2008-05-28 15:00:00",1.2163125,1.12039180266,0.8982028125,0.55360078125,0.30752203274,0.0115671875,0.86715,NA,NA
"2008-05-29 15:00:00",1.19298953125,1.13387399026,0.918309375,0.5874765654,0.3605,0.06199609375,0.869008125,NA,NA
"2008-05-30 15:00:00",1.2005296875,1.1214534375,0.8965096875,0.560949375,0.32484375,0.0451903125,0.8658365625,NA,NA
"2008-06-02 15:00:00",1.21155281896,1.09998,0.86055750432,0.50925867438,0.25506609375,-0.0809703125,0.8428275,NA,NA
"2008-06-03 15:00:00",1.21222938144,1.0644278125,0.8137265625,0.44902758033,0.18710875,-0.1304325,0.8407125,NA,NA
"2008-06-04 15:00:00",1.187846875,1.10638828125,0.87817109375,0.5280031276,0.2807125,-0.0420375,0.8581825,NA,NA
"2008-06-05 15:00:00",1.15029375,1.13926640625,0.9379275,0.61011351864,0.3769228125,0.0598321875,0.87431625,NA,NA
"2008-06-06 15:00:00",1.1911000064,1.127819375,0.9018953125,0.56457171875,0.3270053125,0.0220696875,0.87099375,NA,NA
"2008-06-09 15:00:00",1.22783344416,1.16079961545,0.97186781744,0.6848875,0.46581109602,0.171559375,0.93586875,NA,NA
"2008-06-10 15:00:00",1.22710125,1.21388156892,1.04082515625,0.78279422266,0.58113570597,0.281728125,0.9450046875,NA,NA
"2008-06-11 15:00:00",1.2307865625,1.18718296875,0.992550625,0.71740265982,0.50482429934,0.20061,0.92372765625,NA,NA
"2008-06-12 15:00:00",1.20363046875,1.23205171875,1.07796281804,0.83488969168,0.63812875,0.35391875,0.96117890625,NA,NA
"2008-06-13 15:00:00",1.2111296942,1.24185375,1.08331546875,0.84780875,0.661375,0.384684375,0.9562653125,NA,NA
